global_true_time,local_true_time,surrogate_time
0.7576079368591309,0.17113494873046875,0.8137531280517578
0.707568883895874,0.11187005043029785,0.007000923156738281
0.6451859474182129,0.08278989791870117,0.008219003677368164
0.02858114242553711,0.09343504905700684,0.008594036102294922
0.05147194862365723,0.08109402656555176,0.00884699821472168
1.293907880783081,0.07984089851379395,0.009265899658203125
0.016778945922851562,0.11775398254394531,0.007235050201416016
0.012783050537109375,0.06988787651062012,0.006898164749145508
1.0883162021636963,0.07276105880737305,0.009390115737915039
1.2561821937561035,0.11075592041015625,0.007853031158447266
1.2205350399017334,0.08388900756835938,0.009150981903076172
0.02017998695373535,0.07870006561279297,0.007964849472045898
2.578131914138794,0.09749293327331543,0.008173942565917969
0.749168872833252,0.08187198638916016,0.008227109909057617
0.03850698471069336,0.07823419570922852,0.006732940673828125
0.5181279182434082,0.2828497886657715,0.008682966232299805
2.99821400642395,0.09585189819335938,0.008116960525512695
0.7812149524688721,0.07271599769592285,0.009305000305175781
1.7629330158233643,0.07287907600402832,0.007642984390258789
0.7021019458770752,0.07445502281188965,0.00845193862915039
0.030099153518676758,0.09013581275939941,0.008146047592163086
0.020008087158203125,0.1297130584716797,0.008340120315551758
0.04599785804748535,0.09442305564880371,0.007472991943359375
0.852971076965332,0.0652921199798584,0.007841825485229492
0.0196230411529541,0.08321309089660645,0.007256031036376953
0.024960994720458984,0.07518696784973145,0.008620977401733398
0.5578851699829102,0.09510493278503418,0.008471965789794922
0.7951071262359619,0.07332396507263184,0.0077152252197265625
6.806383848190308,0.09126091003417969,0.010364770889282227
0.9992167949676514,0.09405303001403809,0.009526968002319336
0.013594865798950195,0.10404491424560547,0.007688045501708984
0.8717770576477051,0.08206486701965332,0.008973121643066406
0.9372110366821289,0.07553219795227051,0.008552074432373047
0.6108050346374512,0.1228179931640625,0.014760017395019531
0.04763507843017578,0.07190704345703125,0.008105993270874023
0.9289040565490723,0.09334802627563477,0.007915019989013672
0.6096699237823486,0.11403417587280273,0.01299595832824707
0.031083106994628906,0.08816218376159668,0.007827997207641602
1.0590629577636719,0.5265200138092041,0.008646965026855469
0.024789094924926758,0.07582497596740723,0.00792694091796875
1.1930880546569824,0.09503889083862305,0.008555889129638672
0.4534299373626709,0.09882092475891113,0.007813215255737305
1.4827280044555664,0.10559296607971191,0.011358976364135742
1.48543119430542,0.3485710620880127,0.00864100456237793
0.03085494041442871,0.07547903060913086,0.0090789794921875
0.019385099411010742,0.11701416969299316,0.007996082305908203
0.814223051071167,0.07225203514099121,0.008445024490356445
0.7957949638366699,0.08513402938842773,0.00791788101196289
0.9756920337677002,0.08291196823120117,0.008466958999633789
0.7892780303955078,0.13172602653503418,0.008443832397460938
0.01611495018005371,0.0914158821105957,0.00815892219543457
0.8771800994873047,0.07478713989257812,0.007904052734375
0.02453303337097168,0.09109687805175781,0.012603998184204102
1.0374488830566406,0.10361123085021973,0.00810694694519043
0.9389779567718506,0.09052205085754395,0.009835958480834961
0.03146696090698242,0.0845329761505127,0.007582902908325195
0.019536972045898438,0.07469010353088379,0.007745981216430664
0.7359399795532227,0.07832622528076172,0.015412092208862305
0.6466450691223145,0.08909296989440918,0.007901906967163086
0.7499151229858398,0.10955095291137695,0.0077779293060302734
0.839508056640625,0.10262918472290039,0.008709192276000977
0.605435848236084,0.0691080093383789,0.008919000625610352
1.5142951011657715,0.09812211990356445,0.008558988571166992
3.6628198623657227,0.10147309303283691,0.009179830551147461
1.1500530242919922,0.10685110092163086,0.009363889694213867
0.01674199104309082,0.13666415214538574,0.007467031478881836
0.9506258964538574,0.0848379135131836,0.007691860198974609
0.7433760166168213,0.06830406188964844,0.014374971389770508
0.017940044403076172,0.0975959300994873,0.007769107818603516
0.3478891849517822,0.09278106689453125,0.0073659420013427734
1.0048620700836182,0.08517313003540039,0.00979304313659668
0.015814781188964844,0.07132792472839355,0.00787806510925293
0.3533759117126465,0.07552599906921387,0.009515047073364258
0.02645397186279297,0.0801248550415039,0.008154869079589844
0.028430938720703125,0.05705904960632324,0.007455110549926758
0.7982549667358398,0.09125900268554688,0.00823211669921875
0.6636290550231934,0.06435203552246094,0.007645845413208008
0.7393090724945068,0.08550786972045898,0.008573055267333984
0.9130599498748779,0.10358810424804688,0.008146047592163086
0.752877950668335,0.07165884971618652,0.008661985397338867
3.7196359634399414,0.10083603858947754,0.009511947631835938
0.8160409927368164,0.09740495681762695,0.008738994598388672
48.19944095611572,0.09112715721130371,0.011255025863647461
0.8993649482727051,0.0815877914428711,0.00884389877319336
0.7434179782867432,0.0731821060180664,0.0106658935546875
6.968247890472412,0.07613301277160645,0.009744882583618164
0.6598770618438721,0.06257820129394531,0.007848978042602539
0.930091142654419,0.09073400497436523,0.007752895355224609
2.1329588890075684,0.06987214088439941,0.010812997817993164
0.6157639026641846,0.21151089668273926,0.008255958557128906
0.01697087287902832,0.08082103729248047,0.00775599479675293
1.0566091537475586,0.14477896690368652,0.008965015411376953
0.04331207275390625,0.0905599594116211,0.007035017013549805
0.03392195701599121,0.060997962951660156,0.007040977478027344
1.3270609378814697,0.08496594429016113,0.008507013320922852
0.025262117385864258,0.07517099380493164,0.007070779800415039
0.6087241172790527,0.21796584129333496,0.0111541748046875
0.7101640701293945,0.07802677154541016,0.008270978927612305
1.2412078380584717,0.06493282318115234,0.009305000305175781
0.014729022979736328,0.09279298782348633,0.007546186447143555
0.01991581916809082,0.09693598747253418,0.006739139556884766
0.06394100189208984,0.07445192337036133,0.007009983062744141
0.6820979118347168,0.08702802658081055,0.007879972457885742
0.3085041046142578,0.09101581573486328,0.008545875549316406
0.7289988994598389,0.20820903778076172,0.016731977462768555
0.031336069107055664,0.2008500099182129,0.006928205490112305
0.023790836334228516,0.09595513343811035,0.01476907730102539
0.020972013473510742,0.0731511116027832,0.0076448917388916016
3.774091958999634,0.0864560604095459,0.008346080780029297
1.4176640510559082,0.09050107002258301,0.008440017700195312
0.7041628360748291,0.0831141471862793,0.008461952209472656
0.01557302474975586,0.0868980884552002,0.007422208786010742
0.998744010925293,0.057203054428100586,0.007531166076660156
0.6651079654693604,0.09328699111938477,0.0074961185455322266
0.6918931007385254,0.07734918594360352,0.009142875671386719
0.9472827911376953,0.18040204048156738,0.009881973266601562
0.7551240921020508,0.08184504508972168,0.009166955947875977
0.740062952041626,0.11596298217773438,0.007253170013427734
0.6380219459533691,0.09963393211364746,0.00976705551147461
0.015748023986816406,0.060871124267578125,0.0068280696868896484
0.6623470783233643,0.26427412033081055,0.007999897003173828
0.02974414825439453,0.10985803604125977,0.007380962371826172
0.015522956848144531,0.08513402938842773,0.006803989410400391
0.5056099891662598,0.08482193946838379,0.0072460174560546875
5.1966118812561035,0.07208991050720215,0.009367942810058594
0.9038550853729248,0.054154157638549805,0.007055997848510742
0.03615212440490723,0.07216978073120117,0.00802922248840332
0.030360937118530273,0.07467198371887207,0.006398916244506836
0.019730091094970703,0.6774299144744873,0.00886392593383789
0.06336092948913574,0.09179091453552246,0.007709980010986328
0.6054010391235352,0.07498002052307129,0.008134841918945312
5.6216700077056885,0.09959101676940918,0.00999903678894043
0.5592789649963379,0.13281512260437012,0.011333942413330078
0.02253103256225586,0.07236599922180176,0.008044004440307617
0.03226494789123535,0.06492400169372559,0.007985115051269531
1.0616600513458252,0.09788298606872559,0.00899195671081543
1.4107489585876465,0.11300182342529297,0.008316993713378906
0.021767139434814453,0.10965085029602051,0.007592916488647461
0.024981021881103516,0.10852885246276855,0.008826017379760742
0.5548229217529297,0.19093012809753418,0.00845193862915039
3.27268385887146,0.10223889350891113,0.009421825408935547
8.25189208984375,0.08786296844482422,0.010510921478271484
0.01622605323791504,0.06426405906677246,0.007463932037353516
0.7654228210449219,0.12605500221252441,0.007704973220825195
0.7779300212860107,0.2031419277191162,0.008021116256713867
1.2540040016174316,0.08400797843933105,0.008104085922241211
0.8582320213317871,0.07168292999267578,0.009502172470092773
0.02459883689880371,0.07927703857421875,0.006649017333984375
0.5811889171600342,0.09363484382629395,0.0111541748046875
0.01693415641784668,0.11518287658691406,0.008599042892456055
0.030154943466186523,0.061987876892089844,0.007790088653564453
2.181680202484131,0.2245779037475586,0.008862972259521484
0.02542901039123535,0.09201312065124512,0.0076198577880859375
1.3810181617736816,0.07448816299438477,0.008152008056640625
0.019824981689453125,0.18793082237243652,0.00871896743774414
0.021854877471923828,0.06927108764648438,0.018965959548950195
0.7367260456085205,0.11913514137268066,0.008685111999511719
0.0224609375,0.07211112976074219,0.007302999496459961
6.181343078613281,0.27964210510253906,0.008738040924072266
5.3731231689453125,0.10027408599853516,0.012073040008544922
0.018114805221557617,0.09073090553283691,0.00804591178894043
0.8389720916748047,0.2442779541015625,0.008630990982055664
0.7722430229187012,0.07799315452575684,0.008139848709106445
0.843621015548706,0.06122994422912598,0.007937908172607422
0.8763120174407959,0.14169883728027344,0.008864164352416992
0.021914005279541016,0.06684494018554688,0.0073511600494384766
1.1481420993804932,0.07320690155029297,0.007920980453491211
0.4250209331512451,0.3599729537963867,0.007831096649169922
0.508357048034668,0.1704721450805664,0.007340908050537109
0.811643123626709,0.11891007423400879,0.007791996002197266
0.6548690795898438,0.0686800479888916,0.0074808597564697266
0.8291079998016357,0.05584716796875,0.008877992630004883
1.070962905883789,0.5083839893341064,0.010534048080444336
0.022404193878173828,0.0830678939819336,0.007006168365478516
0.7087111473083496,0.07064008712768555,0.00726008415222168
1.3691620826721191,0.0881659984588623,0.007804155349731445
0.030549049377441406,0.07767009735107422,0.007667064666748047
0.4742162227630615,0.1362321376800537,0.008363962173461914
5.5682289600372314,0.08561396598815918,0.009997129440307617
0.025198936462402344,0.0661461353302002,0.008067131042480469
1.640887975692749,0.07968997955322266,0.01642298698425293
0.02072000503540039,0.0796818733215332,0.008573055267333984
0.7309739589691162,0.0964360237121582,0.01013803482055664
0.7946429252624512,0.14223408699035645,0.011682987213134766
0.022881031036376953,0.13188600540161133,0.007530927658081055
0.6078190803527832,0.06140613555908203,0.007627010345458984
1.2643930912017822,0.07080221176147461,0.007786989212036133
0.44481897354125977,0.09816288948059082,0.03504180908203125
1.6497819423675537,0.17189598083496094,0.008788824081420898
1.3516159057617188,0.13856196403503418,0.008817911148071289
8.68743085861206,0.18693900108337402,0.013531923294067383
0.02222609519958496,0.10858917236328125,0.008452177047729492
0.028132915496826172,0.09045696258544922,0.008786916732788086
0.042075157165527344,0.09113287925720215,0.008741140365600586
0.9940629005432129,0.07577896118164062,0.00890207290649414
0.016748905181884766,0.0670311450958252,0.006871938705444336
1.0588500499725342,0.14095401763916016,0.00943899154663086
0.8580269813537598,0.05687713623046875,0.007719993591308594
0.035759925842285156,0.08776307106018066,0.010120868682861328
52.308759927749634,0.20032811164855957,0.014858007431030273
0.8324558734893799,0.07305097579956055,0.008383035659790039
8.223580837249756,0.11492300033569336,0.012032032012939453
0.9911329746246338,0.1241610050201416,0.00862884521484375
0.7465500831604004,0.07376503944396973,0.007827043533325195
0.02236008644104004,0.05711793899536133,0.007411003112792969
0.02022099494934082,0.07690215110778809,0.007829904556274414
0.8384039402008057,0.12189817428588867,0.008414030075073242
0.9896829128265381,0.13880395889282227,0.007276058197021484
1.02333402633667,0.07398080825805664,0.009001970291137695
0.021597862243652344,0.08411002159118652,0.007609844207763672
100.1003589630127,0.08947587013244629,0.015989065170288086
0.7491540908813477,0.08976507186889648,0.00872802734375
0.015210866928100586,0.07067203521728516,0.0070230960845947266
0.5125761032104492,0.07172799110412598,0.007411956787109375
8.619033813476562,0.12606287002563477,0.008383035659790039
0.743527889251709,0.07293891906738281,0.009633064270019531
0.05829596519470215,0.08385396003723145,0.007306098937988281
0.9644088745117188,0.07139420509338379,0.007593870162963867
0.6512899398803711,0.09819984436035156,0.007465839385986328
0.7604420185089111,0.1676340103149414,0.007502079010009766
2.3482589721679688,0.08986401557922363,0.01001596450805664
0.8378040790557861,0.07483911514282227,0.008445978164672852
0.9007949829101562,0.06909608840942383,0.007459878921508789
0.9687588214874268,0.06467008590698242,0.007642030715942383
0.4734930992126465,0.07900786399841309,0.007766008377075195
1.0718879699707031,0.08796906471252441,0.007555961608886719
0.8537020683288574,0.07434296607971191,0.008988142013549805
6.374243974685669,0.12246990203857422,0.011138916015625
0.7705078125,0.09321379661560059,0.007754087448120117
0.7759590148925781,0.0775899887084961,0.008507013320922852
0.7213277816772461,0.09234309196472168,0.008237123489379883
0.01663994789123535,0.0775759220123291,0.007886886596679688
0.014978170394897461,0.13138294219970703,0.007107973098754883
0.8930518627166748,0.12869811058044434,0.0076749324798583984
0.03924107551574707,0.06569981575012207,0.007084846496582031
0.897475004196167,0.08370399475097656,0.008127927780151367
0.8715610504150391,0.3880751132965088,0.00915384292602539
0.7721140384674072,0.11095213890075684,0.007442951202392578
0.81243896484375,0.13632607460021973,0.009530067443847656
0.02444601058959961,0.07761788368225098,0.007477998733520508
0.016112089157104492,0.0775599479675293,0.006770133972167969
0.014729976654052734,0.09306216239929199,0.007482051849365234
0.9870359897613525,0.07540488243103027,0.007812976837158203
0.7074809074401855,0.08986806869506836,0.008165836334228516
0.7620110511779785,0.10076498985290527,0.007766008377075195
0.4992859363555908,0.11353206634521484,0.0075969696044921875
1.2128710746765137,0.07824182510375977,0.009123086929321289
1.0763030052185059,0.13248705863952637,0.009105920791625977
0.02418684959411621,0.10822916030883789,0.0072917938232421875
0.41118907928466797,0.06475591659545898,0.0072209835052490234
0.017329931259155273,0.1129770278930664,0.008708953857421875
0.47571492195129395,0.08805418014526367,0.007627010345458984
0.8597469329833984,0.10453319549560547,0.007193088531494141
0.4148409366607666,0.06994295120239258,0.007303953170776367
2.885467052459717,0.09141206741333008,0.009257078170776367
3.790268898010254,0.08010697364807129,0.007882118225097656
0.7345249652862549,0.07725906372070312,0.00778508186340332
0.024450063705444336,0.1132049560546875,0.007841110229492188
0.02257680892944336,0.06976914405822754,0.0069620609283447266
0.027711868286132812,0.08913397789001465,0.007864952087402344
0.6687490940093994,0.10060811042785645,0.00707697868347168
0.7757160663604736,0.06333589553833008,0.013614892959594727
0.028357982635498047,0.08418893814086914,0.0066699981689453125
0.01861715316772461,0.07265210151672363,0.006863832473754883
0.019854068756103516,0.09308290481567383,0.0069561004638671875
0.021090030670166016,0.22321486473083496,0.006673097610473633
0.9636809825897217,0.08374404907226562,0.008222103118896484
0.014424800872802734,0.10352611541748047,0.006510019302368164
0.6566610336303711,0.07816886901855469,0.007876873016357422
0.9050149917602539,0.12368202209472656,0.008437871932983398
0.8800318241119385,0.07915091514587402,0.007554054260253906
0.7114279270172119,0.053858041763305664,0.0076901912689208984
0.02203512191772461,0.09196090698242188,0.00857686996459961
0.6079158782958984,0.11021018028259277,0.006579160690307617
0.9924709796905518,0.11374592781066895,0.007298946380615234
0.017145872116088867,0.0816190242767334,0.007105112075805664
0.01660919189453125,0.07952404022216797,0.00675511360168457
0.36261916160583496,0.0606989860534668,0.0073909759521484375
0.015001058578491211,0.1782088279724121,0.006943941116333008
0.7288589477539062,0.09191393852233887,0.007971048355102539
1.6200380325317383,0.11171412467956543,0.00761103630065918
4.238354921340942,0.07465386390686035,0.011838912963867188
0.5625748634338379,0.06483101844787598,0.007109165191650391
0.021481037139892578,0.06520795822143555,0.007331132888793945
0.635084867477417,0.07214999198913574,0.008685111999511719
0.8007159233093262,0.07398200035095215,0.006726980209350586
0.9553630352020264,0.07117199897766113,0.008852958679199219
1.0013599395751953,0.08157896995544434,0.007912874221801758
0.4184589385986328,0.07251501083374023,0.008556842803955078
0.5483481884002686,0.0868680477142334,0.008423089981079102
0.8176310062408447,0.07480502128601074,0.007953882217407227
0.022670984268188477,0.15452122688293457,0.007436037063598633
0.017866849899291992,0.06789517402648926,0.0067138671875
3.5627079010009766,0.5496928691864014,0.009523868560791016
1.0229320526123047,0.08039999008178711,0.0076711177825927734
0.029394865036010742,0.11465311050415039,0.007665872573852539
0.7125999927520752,0.09166193008422852,0.007503986358642578
0.016476869583129883,0.10972404479980469,0.008147001266479492
0.020415067672729492,0.06030583381652832,0.007300138473510742
0.014085054397583008,0.05949997901916504,0.006882905960083008
0.02732992172241211,0.14927101135253906,0.010686874389648438
0.5968649387359619,0.07628393173217773,0.0074307918548583984
0.038984060287475586,0.08866000175476074,0.007849931716918945
0.6453070640563965,0.0781698226928711,0.007898807525634766
0.8426189422607422,0.08075809478759766,0.007158994674682617
0.7141320705413818,0.13141393661499023,0.007814168930053711
0.020988941192626953,0.08501982688903809,0.006588935852050781
0.014596939086914062,0.08855795860290527,0.006556987762451172
0.8509399890899658,0.06159520149230957,0.007337808609008789
0.021673917770385742,0.07047486305236816,0.006350994110107422
0.6663072109222412,0.09042596817016602,0.0072171688079833984
0.9085190296173096,0.0778501033782959,0.007821798324584961
0.02873516082763672,0.0790870189666748,0.00662994384765625
0.6722080707550049,0.09705400466918945,0.007764101028442383
0.0807650089263916,0.08928298950195312,0.007983922958374023
1.0703768730163574,0.07397723197937012,0.007436037063598633
1.0289490222930908,0.0928339958190918,0.00855398178100586
0.9300131797790527,0.1814742088317871,0.007428884506225586
0.022306203842163086,0.07926297187805176,0.006517887115478516
0.6473088264465332,0.13436102867126465,0.00855398178100586
0.8613688945770264,0.08514094352722168,0.007851839065551758
1.0935990810394287,0.1146240234375,0.007606029510498047
0.021842002868652344,0.06369209289550781,0.007430076599121094
2.1760709285736084,0.07494521141052246,0.007395029067993164
1.0936939716339111,0.3333468437194824,0.0076410770416259766
0.8024101257324219,0.09632992744445801,0.007537126541137695
0.015112876892089844,0.08611893653869629,0.0070149898529052734
0.03615283966064453,0.077362060546875,0.006982088088989258
0.7049059867858887,0.14177918434143066,0.008291006088256836
0.843425989151001,0.07520198822021484,0.008176088333129883
0.8714420795440674,0.06770181655883789,0.007256031036376953
0.764686107635498,0.07953500747680664,0.007676839828491211
0.018623828887939453,0.07725191116333008,0.007166147232055664
0.02177286148071289,0.043135881423950195,0.0071370601654052734
0.014039039611816406,0.07010507583618164,0.00693202018737793
0.016122102737426758,0.0872039794921875,0.007313966751098633
0.8879899978637695,0.07250380516052246,0.009051084518432617
1.5143249034881592,0.07108712196350098,0.00855708122253418
0.5006279945373535,0.07078909873962402,0.0074350833892822266
0.022494077682495117,0.12032389640808105,0.006876945495605469
0.9901330471038818,0.06897091865539551,0.007598876953125
0.940993070602417,0.08916687965393066,0.013212919235229492
0.025866985321044922,0.06895685195922852,0.008183956146240234
0.7241230010986328,0.05315899848937988,0.007871866226196289
1.1567661762237549,0.07848000526428223,0.007892131805419922
0.90083909034729,0.07876205444335938,0.009034872055053711
2.563985824584961,0.19063687324523926,0.008206844329833984
0.6900780200958252,0.11696887016296387,0.010054826736450195
0.7265920639038086,0.5597050189971924,0.008185148239135742
0.8936901092529297,0.09079599380493164,0.00834202766418457
1.1763811111450195,0.0937190055847168,0.009053945541381836
0.4874992370605469,0.06081891059875488,0.008147954940795898
1.0388588905334473,0.34313201904296875,0.007823944091796875
0.02276897430419922,0.0772860050201416,0.00782012939453125
15.054107189178467,0.08162498474121094,0.010375022888183594
0.04223012924194336,0.0631258487701416,0.007940053939819336
0.09405088424682617,0.09166097640991211,0.008852005004882812
0.021470069885253906,0.06789112091064453,0.007197141647338867
0.016672134399414062,0.12540292739868164,0.00867915153503418
0.03187918663024902,0.06995391845703125,0.006933927536010742
0.03612017631530762,0.06355500221252441,0.00721287727355957
8.514960050582886,0.21160602569580078,0.009541034698486328
2.2175469398498535,0.0800940990447998,0.008599996566772461
0.027357101440429688,0.06349396705627441,0.007027149200439453
0.7257719039916992,0.1372370719909668,0.008471012115478516
0.7860500812530518,0.07429814338684082,0.00890207290649414
1.206212043762207,0.07411885261535645,0.007653951644897461
6.290662050247192,0.0640401840209961,0.007475137710571289
0.015471935272216797,0.07815694808959961,0.007461071014404297
0.03725695610046387,0.0778348445892334,0.00758814811706543
0.6810438632965088,0.13707494735717773,0.008213996887207031
0.7748119831085205,0.3750319480895996,0.010048151016235352
0.03285789489746094,0.05667901039123535,0.008625984191894531
0.8767390251159668,0.1128849983215332,0.007953166961669922
1.105544090270996,0.07340598106384277,0.008322000503540039
0.026388883590698242,0.06920790672302246,0.007914066314697266
0.5583541393280029,0.11117315292358398,0.008018016815185547
0.01622605323791504,0.1934499740600586,0.007152080535888672
0.6307930946350098,0.06685900688171387,0.007739067077636719
0.5827879905700684,0.10312604904174805,0.008291959762573242
0.7267389297485352,0.08554196357727051,0.008945226669311523
1.0542590618133545,0.14633512496948242,0.007625102996826172
0.13224506378173828,0.1305539608001709,0.007662773132324219
0.13497281074523926,0.08599209785461426,0.0071790218353271484
0.5919559001922607,0.06805300712585449,0.008552074432373047
0.023273229598999023,0.09459900856018066,0.007977008819580078
0.8075141906738281,0.08792304992675781,0.008316993713378906
0.021008968353271484,0.06591105461120605,0.008517026901245117
1.2929518222808838,0.11403989791870117,0.008924007415771484
0.4581739902496338,0.07709312438964844,0.00786590576171875
0.021576881408691406,0.07229399681091309,0.007752895355224609
4.08302903175354,0.2622549533843994,0.007827043533325195
0.7557811737060547,0.08977794647216797,0.007582902908325195
0.7430081367492676,0.3142709732055664,0.008109092712402344
0.8404059410095215,0.07931804656982422,0.009860992431640625
0.016978025436401367,0.06339192390441895,0.007241010665893555
0.03358197212219238,0.0633699893951416,0.0071048736572265625
0.022467851638793945,0.0758659839630127,0.00707697868347168
4.843012094497681,0.30075907707214355,0.00954294204711914
0.9641261100769043,0.07413315773010254,0.008884191513061523
0.023397207260131836,0.05256295204162598,0.007688045501708984
1.0864899158477783,0.06033492088317871,0.007740020751953125
1.1891200542449951,0.0698099136352539,0.0098419189453125
0.03078603744506836,0.08399605751037598,0.0078051090240478516
0.837989091873169,0.07750892639160156,0.007403135299682617
0.796684980392456,0.08652710914611816,0.009663105010986328
0.8795759677886963,0.08861494064331055,0.007728099822998047
0.8709430694580078,0.05388188362121582,0.008183956146240234
0.0161590576171875,0.07060694694519043,0.007493019104003906
0.8465278148651123,0.1376628875732422,0.00902700424194336
0.5871551036834717,0.09425902366638184,0.0073130130767822266
0.802670955657959,0.16917204856872559,0.007928133010864258
0.6831419467926025,0.1425180435180664,0.00840902328491211
0.7611799240112305,0.1605510711669922,0.009003877639770508
0.03358602523803711,0.0713188648223877,0.006983041763305664
0.9207260608673096,0.07336783409118652,0.007611989974975586
1.697023868560791,0.07199382781982422,0.008015871047973633
3.9754199981689453,0.06611299514770508,0.008803129196166992
0.06371116638183594,0.13677191734313965,0.008637189865112305
0.7429399490356445,0.16924595832824707,0.008949041366577148
0.016530990600585938,0.07023906707763672,0.007256984710693359
0.38784003257751465,0.06610798835754395,0.008743047714233398
0.9344909191131592,0.10547900199890137,0.009453058242797852
0.7375500202178955,0.06672191619873047,0.00881505012512207
0.023113012313842773,0.05598306655883789,0.00795292854309082
0.592979907989502,0.06586790084838867,0.008787870407104492
0.36352086067199707,0.07011914253234863,0.009011983871459961
0.017574071884155273,0.07480978965759277,0.010090112686157227
1.1421730518341064,0.17304110527038574,0.008041143417358398
0.7361509799957275,0.07282090187072754,0.008415937423706055
39.79290580749512,0.09551405906677246,0.010336160659790039
1.877155065536499,0.07123208045959473,0.010562896728515625
0.8229970932006836,0.1074521541595459,0.00997614860534668
1.9380831718444824,0.07385897636413574,0.010592937469482422
0.5217089653015137,0.06252002716064453,0.010277032852172852
0.022614002227783203,0.06194901466369629,0.008147954940795898
0.7852790355682373,0.07686090469360352,0.008570194244384766
6.010356903076172,0.09117507934570312,0.011912822723388672
1.2774980068206787,0.07203006744384766,0.0078089237213134766
0.9420208930969238,0.14481496810913086,0.008543968200683594
0.02768111228942871,0.08092594146728516,0.010804891586303711
0.6340370178222656,0.13077902793884277,0.00905609130859375
0.02338695526123047,0.07472991943359375,0.0074460506439208984
0.01499795913696289,0.13535618782043457,0.00913095474243164
0.5807890892028809,0.05926990509033203,0.008037090301513672
2.1027989387512207,0.08234405517578125,0.009690046310424805
0.015240907669067383,0.10544300079345703,0.0077440738677978516
1.6731700897216797,0.1004490852355957,0.008562088012695312
0.02360987663269043,0.07409214973449707,0.008565187454223633
0.9084951877593994,0.09643101692199707,0.009304046630859375
5.3781578540802,0.12138199806213379,0.008369922637939453
0.043660879135131836,0.05969095230102539,0.007840871810913086
1.027311086654663,0.10739994049072266,0.008826017379760742
0.6615371704101562,0.08729004859924316,0.0075681209564208984
0.0221560001373291,0.05951213836669922,0.0070629119873046875
1.2727549076080322,0.06455612182617188,0.011165142059326172
0.017114877700805664,0.06637692451477051,0.00803685188293457
0.01776409149169922,0.09311699867248535,0.007954835891723633
1.0286650657653809,0.08586788177490234,0.009881973266601562
0.7406008243560791,0.08214807510375977,0.007897138595581055
0.8093209266662598,0.07665109634399414,0.0073659420013427734
0.028947114944458008,0.08608102798461914,0.007405996322631836
6.8675010204315186,0.13230586051940918,0.011288166046142578
0.042587995529174805,0.12570691108703613,0.00925898551940918
0.749805212020874,0.06780505180358887,0.007066011428833008
0.023730039596557617,0.09069514274597168,0.008332967758178711
0.040628910064697266,0.05006599426269531,0.008282899856567383
1.8425769805908203,0.13506412506103516,0.007598161697387695
6.914665937423706,0.10418891906738281,0.008192062377929688
1.0129859447479248,0.09323406219482422,0.16560697555541992
1.2803938388824463,0.14684486389160156,0.007291078567504883
0.55324387550354,0.29070591926574707,0.008731842041015625
1.179832935333252,0.09334516525268555,0.008404016494750977
0.8569340705871582,0.22705411911010742,0.007421016693115234
0.728430986404419,0.08832311630249023,0.008140087127685547
3.7481510639190674,0.07872509956359863,0.008037090301513672
0.6210591793060303,0.08358216285705566,0.008150100708007812
0.6877050399780273,0.07811808586120605,0.008122920989990234
0.03897690773010254,0.09443116188049316,0.007413148880004883
0.8761980533599854,0.06724405288696289,0.008839130401611328
1.1732861995697021,0.10170578956604004,0.03506302833557129
0.13111495971679688,0.09156107902526855,0.008846044540405273
1.9923150539398193,0.058511972427368164,0.00892496109008789
5.494998931884766,0.1781609058380127,0.009057998657226562
0.0265810489654541,0.07235097885131836,0.007902145385742188
0.6562778949737549,0.24254918098449707,0.007524967193603516
0.7106661796569824,0.07267212867736816,0.008087873458862305
2.132593870162964,0.06878805160522461,0.009312152862548828
0.06821417808532715,0.06936311721801758,0.00928187370300293
0.020317792892456055,0.11321806907653809,0.009414911270141602
0.4387209415435791,0.08596491813659668,0.008498907089233398
0.7516429424285889,0.06803512573242188,0.008099079132080078
0.7359681129455566,0.16914105415344238,0.008543968200683594
0.5836582183837891,0.10595703125,0.010226964950561523
0.6374959945678711,0.07174086570739746,0.007287025451660156
0.8226418495178223,0.082305908203125,0.00796818733215332
0.6788709163665771,0.08568978309631348,0.008049964904785156
0.9610700607299805,0.09382486343383789,0.0077860355377197266
0.02754497528076172,0.08229684829711914,0.006978034973144531
0.5393650531768799,0.07985496520996094,0.00848698616027832
1.2159481048583984,0.10886001586914062,0.008109092712402344
0.017768144607543945,0.1077880859375,0.006929874420166016
0.7361459732055664,0.0654001235961914,0.007036924362182617
1.0858538150787354,0.07244110107421875,0.008213043212890625
0.01764392852783203,0.07367396354675293,0.0069408416748046875
0.049096107482910156,0.11188578605651855,0.0076389312744140625
0.7951669692993164,0.12500286102294922,0.008632183074951172
0.015613079071044922,0.057398080825805664,0.007447004318237305
0.023415088653564453,0.07433009147644043,0.00695490837097168
0.0215151309967041,0.06026887893676758,0.006749153137207031
0.022359132766723633,0.07819795608520508,0.00731205940246582
0.5660858154296875,0.07543516159057617,0.007581949234008789
0.0947120189666748,0.07277894020080566,0.0073549747467041016
8.674550771713257,0.20186495780944824,0.01015782356262207
0.8846378326416016,0.08239102363586426,0.008926868438720703
1.5068199634552002,0.08785891532897949,0.007550954818725586
0.6464700698852539,0.08657002449035645,0.009001970291137695
0.018240928649902344,0.13586688041687012,0.009130001068115234
0.8187029361724854,0.06598806381225586,0.00747990608215332
0.7518281936645508,0.09588122367858887,0.009751081466674805
1.3644499778747559,0.07927393913269043,0.007798910140991211
0.811845064163208,0.06591486930847168,0.006721019744873047
0.01634693145751953,0.07630705833435059,0.00881195068359375
1.0468838214874268,0.9407010078430176,0.009425163269042969
0.6432621479034424,0.09200811386108398,0.007908105850219727
0.027006149291992188,0.1039891242980957,0.008800983428955078
0.013911962509155273,0.06569600105285645,0.008665800094604492
0.8691921234130859,0.1917738914489746,0.00894021987915039
0.6964690685272217,0.058860063552856445,0.007339954376220703
0.9000439643859863,0.17297792434692383,0.008064985275268555
1.6568639278411865,0.0760958194732666,0.0077362060546875
0.5703749656677246,0.10945582389831543,0.009449005126953125
0.9250771999359131,0.07766890525817871,0.007963895797729492
0.43955302238464355,0.08571910858154297,0.007647037506103516
5.3264851570129395,0.07154202461242676,0.010707855224609375
1.436596155166626,0.08734297752380371,0.008919000625610352
2.0184080600738525,0.08671212196350098,0.010110139846801758
0.03330397605895996,0.06712198257446289,0.006570100784301758
0.024219036102294922,0.057717084884643555,0.007383108139038086
0.017328977584838867,0.13660502433776855,0.009356975555419922
0.02747201919555664,0.16147112846374512,0.008157968521118164
0.029803037643432617,0.08684802055358887,0.0073850154876708984
0.7848150730133057,0.11632394790649414,0.008870840072631836
0.01651597023010254,0.06860995292663574,0.008456945419311523
0.9944841861724854,0.06539392471313477,0.008377790451049805
0.5121951103210449,0.08327507972717285,0.008597135543823242
0.5691311359405518,0.07289695739746094,0.008734941482543945
5.856611967086792,0.09088516235351562,0.008079051971435547
0.01560211181640625,0.08835697174072266,0.006724119186401367
0.6401329040527344,0.11359786987304688,0.008246898651123047
0.01585698127746582,0.06454586982727051,0.0072710514068603516
20.71300482749939,0.10836315155029297,0.009962797164916992
0.7920868396759033,0.10096192359924316,0.007927179336547852
1.191105842590332,0.20954108238220215,0.007884979248046875
0.18836712837219238,0.07802414894104004,0.007233858108520508
0.7543179988861084,0.08563995361328125,0.008230209350585938
0.6653008460998535,0.07193303108215332,0.01007699966430664
0.8852579593658447,0.06184697151184082,0.008410930633544922
0.6336688995361328,0.06966114044189453,0.008656978607177734
0.7652280330657959,0.08563804626464844,0.009693145751953125
1.508838176727295,0.10109186172485352,0.010401010513305664
0.1448218822479248,0.06338095664978027,0.008570194244384766
0.6312429904937744,0.14128899574279785,0.008334159851074219
0.4588890075683594,0.10224294662475586,0.008972883224487305
0.812964916229248,0.06661486625671387,0.008111953735351562
1.3911020755767822,0.09093904495239258,0.007681131362915039
0.016256093978881836,0.07660698890686035,0.007097959518432617
0.8541710376739502,0.08335709571838379,0.008409976959228516
0.9005169868469238,0.06540393829345703,0.008507013320922852
1.5069599151611328,0.0749971866607666,0.007956981658935547
0.01580214500427246,0.08299803733825684,0.007226228713989258
7.780919075012207,0.07332801818847656,0.00881505012512207
0.08011198043823242,0.2742328643798828,0.0076830387115478516
0.018612146377563477,0.09142303466796875,0.007286787033081055
8.985229015350342,0.1090548038482666,0.010893106460571289
1.462141990661621,0.08059096336364746,0.008673906326293945
1.2840170860290527,0.09828305244445801,0.008109092712402344
0.9849579334259033,0.12390589714050293,0.008128881454467773
1.6579217910766602,0.1350419521331787,0.0074999332427978516
1.1298160552978516,0.0793769359588623,0.007901906967163086
0.03357505798339844,0.2483508586883545,0.0107879638671875
0.023712873458862305,0.07762908935546875,0.007769107818603516
0.017796993255615234,0.09381484985351562,0.007811069488525391
1.2143888473510742,0.0752408504486084,0.008914947509765625
1.3445088863372803,0.09591317176818848,0.007815122604370117
0.7660229206085205,0.05807995796203613,0.010172128677368164
0.9306640625,0.13362717628479004,0.007337093353271484
0.028069019317626953,0.07944798469543457,0.006803989410400391
6.179292917251587,0.10602617263793945,0.008964061737060547
0.504479169845581,0.059005022048950195,0.008803129196166992
1.370008945465088,0.11934709548950195,0.008478164672851562
0.7130260467529297,0.08956384658813477,0.009701013565063477
0.025365114212036133,0.11485886573791504,0.008163928985595703
3.648832082748413,0.11205315589904785,0.011694908142089844
0.047662973403930664,0.108734130859375,0.00830388069152832
0.01722097396850586,0.08769392967224121,0.008942842483520508
2.381838083267212,0.14144587516784668,0.008942127227783203
0.018929004669189453,0.10357499122619629,0.008244037628173828
0.9377298355102539,0.08742594718933105,0.00751495361328125
0.01756119728088379,0.06056499481201172,0.008537054061889648
0.016521930694580078,0.21776294708251953,0.008270025253295898
9.498049974441528,0.11331915855407715,0.012363195419311523
1.5320448875427246,0.2907710075378418,0.00798487663269043
0.6140530109405518,0.07921004295349121,0.008365869522094727
0.8108928203582764,0.0811159610748291,0.00890803337097168
0.6252830028533936,0.06527590751647949,0.008502006530761719
0.02980804443359375,0.09683799743652344,0.008054018020629883
8.744933843612671,0.15769100189208984,0.009294986724853516
0.02363896369934082,0.12373685836791992,0.0074269771575927734
1.9760589599609375,0.07160019874572754,0.0074329376220703125
1.0127010345458984,0.08593988418579102,0.008671045303344727
1.9809269905090332,0.0953221321105957,0.008428096771240234
0.9179620742797852,0.07588005065917969,0.007434844970703125
0.02002692222595215,0.1126089096069336,0.00754094123840332
2.2414159774780273,0.10088801383972168,0.008389949798583984
1.2303440570831299,0.0809929370880127,0.008909940719604492
0.7908990383148193,0.054615020751953125,0.008514165878295898
5.167666912078857,0.07945394515991211,0.00993800163269043
0.9154601097106934,0.5239920616149902,0.009618997573852539
8.34641408920288,0.06999802589416504,0.008095979690551758
0.8801929950714111,0.18523597717285156,0.008652925491333008
0.6815729141235352,0.0896608829498291,0.007976055145263672
0.8017921447753906,0.08987998962402344,0.007725954055786133
0.8274071216583252,0.08394789695739746,0.007591962814331055
1.0269041061401367,0.06679201126098633,0.008337020874023438
0.9786369800567627,0.07444596290588379,0.007617950439453125
1.055220127105713,0.09955406188964844,0.008363008499145508
0.7442619800567627,0.1764969825744629,0.012809038162231445
0.019418954849243164,0.1321549415588379,0.00834798812866211
0.015918970108032227,0.07327795028686523,0.008027076721191406
22.28939414024353,0.0818490982055664,0.013237953186035156
0.018522977828979492,0.08015799522399902,0.009283065795898438
0.6037330627441406,0.06563711166381836,0.007487058639526367
0.7569310665130615,0.0787050724029541,0.009009122848510742
0.9671130180358887,0.30392003059387207,0.007931947708129883
0.026980876922607422,0.05824995040893555,0.007300138473510742
1.1676101684570312,0.10283994674682617,0.010362863540649414
0.5323600769042969,0.09895086288452148,0.007953882217407227
0.9362168312072754,0.19919085502624512,0.009251832962036133
0.786750078201294,0.07593584060668945,0.007914066314697266
0.6213359832763672,0.06603598594665527,0.007452964782714844
0.10844206809997559,0.13276314735412598,0.007853984832763672
2.1232569217681885,0.09500408172607422,0.008033990859985352
0.7127890586853027,0.3016362190246582,0.00822305679321289
0.0158841609954834,0.0682840347290039,0.0075299739837646484
0.9629521369934082,0.08402895927429199,0.008580923080444336
0.6337790489196777,0.2336728572845459,0.009573936462402344
0.02511286735534668,0.08512115478515625,0.007296085357666016
0.6185050010681152,0.08980011940002441,0.008450984954833984
0.7923061847686768,0.07790398597717285,0.008751869201660156
1.1066241264343262,0.07220101356506348,0.008408069610595703
0.49408483505249023,0.07886695861816406,0.00805807113647461
4.941643953323364,0.0639958381652832,0.008769989013671875
0.018085002899169922,0.11326003074645996,0.008587837219238281
0.7955889701843262,0.07955598831176758,0.008234977722167969
0.028802871704101562,0.09030914306640625,0.008629083633422852
0.6302230358123779,0.057969093322753906,0.008521080017089844
0.8003628253936768,0.05864882469177246,0.007827997207641602
0.7992269992828369,0.0764310359954834,0.00763702392578125
0.7588140964508057,0.05707907676696777,0.007863998413085938
0.9356598854064941,0.5589361190795898,0.009229898452758789
0.9585599899291992,0.12009596824645996,0.008313894271850586
0.9120759963989258,0.08042597770690918,0.008732080459594727
0.8730928897857666,0.09552907943725586,0.007783174514770508
0.6752429008483887,0.0896749496459961,0.008826017379760742
1.0203220844268799,0.09569597244262695,0.008183956146240234
1.3777029514312744,0.08567595481872559,0.008095979690551758
0.025202035903930664,0.16244101524353027,0.008148908615112305
1.5039842128753662,0.0652000904083252,0.008285999298095703
0.8281269073486328,0.0635988712310791,0.007361888885498047
0.6831541061401367,0.08137083053588867,0.008144855499267578
0.028913021087646484,0.09122896194458008,0.007256984710693359
0.019896984100341797,0.0859529972076416,0.0074231624603271484
0.882498025894165,0.06458282470703125,0.008829116821289062
0.020605087280273438,0.12755203247070312,0.007879972457885742
1.0057189464569092,0.0902700424194336,0.007998943328857422
0.4198439121246338,0.061387062072753906,0.007803916931152344
0.7734580039978027,0.08545994758605957,0.006757020950317383
1.3489511013031006,0.4043889045715332,0.007928133010864258
0.6489219665527344,0.06394505500793457,0.009093046188354492
0.6808140277862549,0.0926218032836914,0.009885072708129883
0.6755530834197998,0.07800507545471191,0.007884979248046875
0.6656539440155029,0.11394405364990234,0.008322000503540039
0.6952569484710693,0.09549593925476074,0.0077669620513916016
1.5081291198730469,0.08465290069580078,0.007580995559692383
0.8387458324432373,0.05522489547729492,0.01656794548034668
9.544509887695312,0.11110401153564453,0.008323907852172852
0.02068495750427246,0.07218599319458008,0.006865978240966797
0.7217810153961182,0.07726383209228516,0.007609128952026367
3.6763288974761963,0.08523297309875488,0.00942087173461914
0.023381948471069336,0.10869717597961426,0.007314920425415039
0.8828039169311523,0.10818290710449219,0.008554935455322266
5.9103851318359375,0.08871006965637207,0.009984970092773438
0.019987821578979492,0.07168698310852051,0.006638050079345703
0.5440289974212646,0.07625913619995117,0.00938105583190918
0.7424540519714355,0.07784295082092285,0.008823156356811523
0.3090698719024658,0.11875200271606445,0.008116006851196289
1.3136019706726074,0.0674138069152832,0.008096933364868164
0.0331568717956543,0.08045101165771484,0.007888078689575195
0.9478368759155273,0.06528902053833008,0.008150100708007812
0.5438330173492432,0.06073498725891113,0.008716106414794922
0.671159029006958,0.07697701454162598,0.00803995132446289
0.019320011138916016,0.13765501976013184,0.007331132888793945
0.016321897506713867,0.08264994621276855,0.007440805435180664
1.0451750755310059,0.08261489868164062,0.008707046508789062
0.7057559490203857,0.17128396034240723,0.007112026214599609
0.0353090763092041,0.0717611312866211,0.006827831268310547
0.021600961685180664,0.06978297233581543,0.007459878921508789
0.5686089992523193,0.07047200202941895,0.00763702392578125
0.4105229377746582,0.05944204330444336,0.007992029190063477
0.01358795166015625,0.07454395294189453,0.00723719596862793
0.7678930759429932,0.09347105026245117,0.528346061706543
1.0466032028198242,0.07908296585083008,0.008496999740600586
8.153117895126343,0.0943150520324707,0.011042118072509766
0.926861047744751,0.08509492874145508,0.00797581672668457
0.03338193893432617,0.07918405532836914,0.008216142654418945
0.6298902034759521,0.1098470687866211,0.007946014404296875
0.015733003616333008,0.07231688499450684,0.007998943328857422
0.016044139862060547,0.10181307792663574,0.00746607780456543
1.8919808864593506,0.07165002822875977,0.00827789306640625
0.017407894134521484,0.11610007286071777,0.007477998733520508
0.03307008743286133,0.049427032470703125,0.007297992706298828
0.026720046997070312,0.06953787803649902,0.00802302360534668
0.6874749660491943,0.07644796371459961,0.00852203369140625
0.023025989532470703,0.1535780429840088,0.007397174835205078
0.8670148849487305,0.07000207901000977,0.007055997848510742
0.9301609992980957,0.08176803588867188,0.008716106414794922
0.5126349925994873,0.06773495674133301,0.0074307918548583984
1.0001931190490723,0.0913689136505127,0.008450031280517578
1.2569751739501953,0.08165216445922852,0.009746074676513672
0.015017032623291016,0.07089900970458984,0.00701594352722168
0.04643082618713379,0.08506608009338379,0.006609916687011719
0.9727699756622314,0.07588696479797363,0.007999181747436523
0.2967050075531006,0.07044196128845215,0.007184028625488281
0.5480380058288574,0.1159980297088623,0.007400989532470703
1.055237054824829,0.11085009574890137,0.0075299739837646484
1.0524520874023438,0.0659170150756836,0.009716987609863281
0.02160501480102539,0.05662083625793457,0.007647991180419922
0.01919102668762207,0.09625411033630371,0.00878000259399414
0.8354752063751221,0.08254814147949219,0.007539987564086914
0.6823508739471436,0.09999799728393555,0.0073909759521484375
0.5353059768676758,0.06991720199584961,0.007292032241821289
1.0490901470184326,0.08894205093383789,0.00896906852722168
0.8651888370513916,0.08606290817260742,0.007612943649291992
0.017709970474243164,0.07086992263793945,0.008218050003051758
5.292042016983032,0.06963086128234863,0.00857996940612793
2.4626810550689697,0.23174190521240234,0.010492086410522461
0.4496889114379883,0.07860803604125977,0.009562969207763672
0.46335887908935547,0.07035398483276367,0.00757598876953125
0.39356398582458496,0.10589408874511719,0.00868082046508789
0.8769450187683105,0.08733296394348145,0.008313894271850586
0.3448939323425293,0.10335707664489746,0.008800983428955078
0.028692007064819336,0.09919595718383789,0.007277011871337891
11.545334100723267,0.08945393562316895,0.009461164474487305
0.9278371334075928,0.07144498825073242,0.008448123931884766
0.024000167846679688,0.09511208534240723,0.008645057678222656
0.01862502098083496,0.06668496131896973,0.007546901702880859
0.03156900405883789,0.06816983222961426,0.007256031036376953
45.86970806121826,0.0896921157836914,0.01180410385131836
1.5698981285095215,0.08492398262023926,0.009156942367553711
1.3604340553283691,0.22508978843688965,0.008997917175292969
0.31749510765075684,0.07933902740478516,0.008682012557983398
0.5576159954071045,0.08481597900390625,0.008725881576538086
0.6352770328521729,0.07619500160217285,0.0075337886810302734
0.7997851371765137,0.07399511337280273,0.007582187652587891
0.8624448776245117,0.0641789436340332,0.008044958114624023
4.691929817199707,0.07602190971374512,0.009285926818847656
11.170673847198486,0.08836197853088379,0.010957956314086914
0.7995920181274414,0.11247992515563965,0.00811910629272461
0.014364004135131836,0.08385992050170898,0.006973981857299805
0.024576902389526367,0.07116317749023438,0.0072557926177978516
0.8113529682159424,0.0721139907836914,0.008134126663208008
0.5290589332580566,0.06738018989562988,0.008455038070678711
0.3912060260772705,0.08893489837646484,0.0074329376220703125
0.8879420757293701,0.09053683280944824,0.009305953979492188
1.026669979095459,0.06398487091064453,0.008758068084716797
0.7020819187164307,0.1293020248413086,0.012955904006958008
0.6454620361328125,0.06909799575805664,0.007443904876708984
0.7545568943023682,0.21900510787963867,0.007947921752929688
9.588483095169067,0.32950687408447266,0.009978055953979492
0.01891016960144043,0.22257304191589355,0.00771784782409668
0.0228118896484375,0.08132505416870117,0.008920907974243164
0.017939090728759766,0.0722808837890625,0.008284807205200195
0.7461450099945068,0.0874018669128418,0.007960081100463867
0.4692261219024658,0.09078192710876465,0.007986068725585938
0.429340124130249,0.08294296264648438,0.008491992950439453
0.5834648609161377,0.16569805145263672,0.008015155792236328
0.3467090129852295,0.0797579288482666,0.008559942245483398
0.6107008457183838,0.06199908256530762,0.009330034255981445
0.47824811935424805,0.07289695739746094,0.008335113525390625
0.015977144241333008,0.10102581977844238,0.007302045822143555
0.16665291786193848,0.056437015533447266,0.010150909423828125
0.02350306510925293,0.07509517669677734,0.007888078689575195
0.6309399604797363,0.08215498924255371,0.00757908821105957
1.2155489921569824,0.09638690948486328,0.0071909427642822266
0.9501380920410156,0.08089900016784668,0.010844945907592773
1.20163893699646,0.0924830436706543,0.009134054183959961
0.6022210121154785,0.11484599113464355,0.008784055709838867
0.617588996887207,0.11104011535644531,0.007308006286621094
0.8094089031219482,0.07953190803527832,0.010490179061889648
1.0214300155639648,0.4963369369506836,0.007951021194458008
0.6074929237365723,0.08383917808532715,0.007806062698364258
1.3382618427276611,0.08305191993713379,0.007881879806518555
0.014358997344970703,0.06812596321105957,0.008692026138305664
0.029873132705688477,0.06617188453674316,0.007311820983886719
1.2340929508209229,0.09379005432128906,0.00767207145690918
0.018613815307617188,0.13823509216308594,0.007789134979248047
0.8967010974884033,0.13496685028076172,0.007297039031982422
0.7421689033508301,0.07803606986999512,0.00708317756652832
1.9530658721923828,0.12592196464538574,0.007946014404296875
0.7345941066741943,0.08287620544433594,0.008145809173583984
0.44861507415771484,0.12019610404968262,0.007264137268066406
0.6352360248565674,0.058792829513549805,0.008095979690551758
0.01694488525390625,0.08025193214416504,0.006855964660644531
0.8414931297302246,0.07078385353088379,0.007379055023193359
0.6412849426269531,0.09478592872619629,0.007799863815307617
2.743342876434326,0.13747191429138184,0.010031938552856445
0.7599029541015625,0.10426807403564453,0.008765220642089844
3.0028140544891357,0.06586790084838867,0.00933694839477539
0.033145904541015625,0.06137800216674805,0.008803129196166992
0.024651050567626953,0.10341691970825195,0.008330106735229492
0.022942066192626953,0.07463812828063965,0.0074770450592041016
0.7079079151153564,0.1026148796081543,0.007811784744262695
0.02301192283630371,0.06198000907897949,0.006925106048583984
0.015575885772705078,0.07730698585510254,0.007830142974853516
0.5708169937133789,0.0925300121307373,0.007699012756347656
0.02240300178527832,0.0761098861694336,0.00702214241027832
0.019611835479736328,0.0648350715637207,0.0070879459381103516
1.864595890045166,0.08325886726379395,0.008651971817016602
1.8180139064788818,0.061090946197509766,0.008568048477172852
0.04671192169189453,0.09706807136535645,0.008420944213867188
1.4558908939361572,0.14781785011291504,0.009009838104248047
0.48706603050231934,0.08769607543945312,0.012145042419433594
1.125504970550537,0.13126516342163086,0.010973930358886719
1.8899741172790527,0.12079811096191406,0.00867009162902832
0.8130908012390137,0.23172998428344727,0.00819706916809082
0.022058963775634766,0.0868978500366211,0.008209943771362305
9.358206987380981,0.07761216163635254,0.00810694694519043
1.864912986755371,0.06756091117858887,0.007829904556274414
0.7098751068115234,0.0634469985961914,0.008235931396484375
0.021831989288330078,0.05433297157287598,0.007031917572021484
0.7572860717773438,0.05797410011291504,0.007605075836181641
0.819364070892334,0.06887698173522949,0.007745027542114258
100.05917191505432,0.11683917045593262,0.010792016983032227
1.4303240776062012,0.12296915054321289,0.011694192886352539
0.018140077590942383,0.07206916809082031,0.008527040481567383
0.041635990142822266,0.1330878734588623,0.007700920104980469
0.023721933364868164,0.10584592819213867,0.00844883918762207
0.9801671504974365,0.07891607284545898,0.009208202362060547
5.832019805908203,0.11532211303710938,0.008060932159423828
0.02695012092590332,0.07440400123596191,0.0065648555755615234
0.8764679431915283,0.06073498725891113,0.009269952774047852
0.6636021137237549,0.12152290344238281,0.00775599479675293
2.5150599479675293,0.10375285148620605,0.008041858673095703
1.0310800075531006,0.0842130184173584,0.007158041000366211
0.7186131477355957,0.07876110076904297,0.008722066879272461
1.1187851428985596,0.062354087829589844,0.007931947708129883
0.7212460041046143,0.11451292037963867,0.009227991104125977
0.7963969707489014,0.06926393508911133,0.00887298583984375
0.02402806282043457,0.08391213417053223,0.007962942123413086
1.3524620532989502,0.4556081295013428,0.007823944091796875
0.7293639183044434,0.06598496437072754,0.008205890655517578
0.06975197792053223,0.09592103958129883,0.007606029510498047
1.0696141719818115,0.1525249481201172,0.008405208587646484
0.018321990966796875,0.08309197425842285,0.007424116134643555
0.02437877655029297,0.10622096061706543,0.007611989974975586
0.664949893951416,0.18807601928710938,0.0074291229248046875
0.4864389896392822,0.09424591064453125,0.009474992752075195
2.120490074157715,0.11145210266113281,0.008358001708984375
0.01906895637512207,0.0777740478515625,0.007575035095214844
0.5465688705444336,0.0758810043334961,0.007383108139038086
0.3911619186401367,0.06215190887451172,0.009990930557250977
0.02564406394958496,0.5001239776611328,0.009207010269165039
0.6515579223632812,0.06174206733703613,0.007708072662353516
0.6879479885101318,0.052713871002197266,0.007220029830932617
13.894899129867554,0.15974879264831543,0.012104988098144531
0.018234968185424805,0.06493592262268066,0.00798797607421875
0.025478839874267578,0.37684202194213867,0.008022069931030273
0.0177309513092041,0.2564730644226074,0.008170843124389648
1.3000168800354004,0.07856512069702148,0.007953882217407227
0.3797569274902344,0.1198880672454834,0.009081125259399414
1.4042670726776123,0.07619786262512207,0.008273839950561523
1.2847630977630615,0.08974099159240723,0.009443044662475586
0.024991989135742188,0.22228217124938965,0.008029937744140625
0.8735980987548828,0.07475090026855469,0.008122920989990234
0.03330397605895996,0.06698298454284668,0.008208990097045898
0.05262398719787598,0.08584403991699219,0.008599042892456055
0.024008989334106445,0.0963141918182373,0.008028030395507812
0.5933859348297119,0.09672093391418457,0.00739598274230957
0.4622468948364258,0.11409497261047363,0.007560014724731445
0.03280997276306152,0.08282804489135742,0.006592988967895508
0.764214038848877,0.05277585983276367,0.007760047912597656
42.71594190597534,0.13745999336242676,0.01185917854309082
0.01997995376586914,0.07622385025024414,0.008237123489379883
0.826956033706665,0.0737161636352539,0.009607076644897461
0.82442307472229,0.0834050178527832,0.0076940059661865234
1.4847829341888428,0.08565092086791992,0.007605075836181641
0.026159048080444336,0.06603789329528809,0.006433010101318359
0.6475749015808105,0.10103797912597656,0.008826971054077148
0.9209058284759521,0.06728696823120117,0.0069310665130615234
0.9532139301300049,0.1516120433807373,0.009980916976928711
1.241170883178711,0.07035112380981445,0.008249998092651367
2.0281479358673096,0.10244894027709961,0.008455991744995117
0.4450409412384033,0.061578989028930664,0.0076198577880859375
0.01781296730041504,0.08678197860717773,0.008773088455200195
0.017032861709594727,0.0683889389038086,0.006577014923095703
0.6204710006713867,0.0637199878692627,0.007709980010986328
0.022428035736083984,0.07113003730773926,0.0074520111083984375
0.01666402816772461,0.08969712257385254,0.008893966674804688
0.6731579303741455,0.9105911254882812,0.009205102920532227
0.6482160091400146,0.11137104034423828,0.008160829544067383
0.03119206428527832,0.10978102684020996,0.006587982177734375
0.8080708980560303,0.1610419750213623,0.008161067962646484
7.852813005447388,0.12815117835998535,0.010955810546875
0.040936946868896484,0.0800938606262207,0.008798837661743164
0.02337503433227539,0.08177804946899414,0.008335113525390625
1.087414026260376,0.08206486701965332,0.008803844451904297
6.546648025512695,0.11936402320861816,0.011567115783691406
0.8315010070800781,0.06489300727844238,0.0076580047607421875
0.01794910430908203,0.06981205940246582,0.006749868392944336
0.01611614227294922,0.11918401718139648,0.0072650909423828125
0.616398811340332,0.07230591773986816,0.008227825164794922
0.023764848709106445,0.12575006484985352,0.006426095962524414
0.017179012298583984,0.09409809112548828,0.006630897521972656
0.565392017364502,0.1409919261932373,0.008903026580810547
0.44147706031799316,0.09395003318786621,0.007915973663330078
1.3126661777496338,0.07541489601135254,0.008200883865356445
1.8611080646514893,0.14330291748046875,0.010072946548461914
0.016362905502319336,0.0913999080657959,0.00858306884765625
0.7880752086639404,0.08064794540405273,0.009102821350097656
0.6106159687042236,0.08184099197387695,0.007977962493896484
2.5265510082244873,0.09018301963806152,0.009423971176147461
0.908257007598877,0.33450794219970703,0.008606910705566406
2.6897590160369873,0.1199941635131836,0.0111541748046875
0.9480409622192383,0.128525972366333,0.009255170822143555
0.8835980892181396,0.09111690521240234,0.008369922637939453
1.0384089946746826,0.0936279296875,0.008938789367675781
0.02418684959411621,0.09616804122924805,0.008010149002075195
0.016479015350341797,0.05653214454650879,0.007315158843994141
0.015017986297607422,0.13716793060302734,0.008111953735351562
0.9477808475494385,0.07491803169250488,0.00830698013305664
2.9478700160980225,0.0723578929901123,0.008533954620361328
5.437573194503784,0.07773184776306152,0.010231971740722656
0.6791419982910156,0.08393192291259766,0.008465051651000977
0.6655168533325195,0.17340993881225586,0.009785175323486328
0.02255105972290039,0.13009381294250488,0.009824991226196289
0.024539947509765625,0.13376998901367188,0.010566949844360352
0.7282979488372803,0.07828211784362793,0.008813142776489258
1.2093610763549805,0.058357954025268555,0.008523941040039062
1.0331227779388428,0.08890604972839355,0.008665084838867188
0.0318150520324707,0.10357999801635742,0.008136987686157227
0.9116919040679932,0.08080697059631348,0.008816957473754883
0.7631418704986572,0.5574109554290771,0.008944988250732422
5.9347779750823975,0.13468694686889648,0.010689973831176758
0.02809000015258789,0.09396696090698242,0.009882926940917969
0.028244972229003906,0.14691805839538574,0.009046077728271484
5.1811840534210205,0.1297612190246582,0.012459039688110352
0.7683539390563965,0.1518239974975586,0.009348154067993164
3.1668388843536377,0.05147099494934082,0.008280038833618164
0.645421028137207,0.10065293312072754,0.009009122848510742
6.087614059448242,0.15738487243652344,0.009454965591430664
0.8526639938354492,0.10912513732910156,0.009006023406982422
0.7031409740447998,0.11573600769042969,0.009478092193603516
1.599593162536621,0.06596589088439941,0.010684013366699219
0.04502606391906738,0.09631705284118652,0.008744955062866211
0.7868220806121826,0.09823417663574219,0.009066104888916016
0.6347451210021973,0.07589006423950195,0.008444786071777344
0.3591039180755615,0.11226105690002441,0.008139848709106445
1.0129971504211426,0.1485919952392578,0.008862018585205078
0.019070863723754883,0.23791885375976562,0.00776219367980957
1.4020278453826904,0.19153499603271484,0.009886026382446289
1.255255937576294,0.07670187950134277,0.008141040802001953
0.653562068939209,0.1043710708618164,0.011464118957519531
0.01934814453125,0.0782930850982666,0.00985407829284668
0.7107570171356201,0.09090518951416016,0.009875059127807617
0.5861830711364746,0.08056807518005371,0.009603023529052734
0.02176189422607422,0.06363320350646973,0.007678031921386719
0.657012939453125,0.08654403686523438,0.010688066482543945
0.8511350154876709,0.09260082244873047,0.007644176483154297
1.2026398181915283,0.07124090194702148,0.008617877960205078
0.9093890190124512,0.07598590850830078,0.008191108703613281
0.5999000072479248,0.06669306755065918,0.0077800750732421875
1.1209368705749512,0.09427905082702637,0.009569168090820312
5.037498950958252,0.1005699634552002,0.008816957473754883
0.02836894989013672,0.12618303298950195,0.007431983947753906
0.018665075302124023,0.08143496513366699,0.008344888687133789
5.285022020339966,0.09111213684082031,0.011079072952270508
0.7936000823974609,0.1029520034790039,0.009731054306030273
0.07177591323852539,0.1353771686553955,0.009137868881225586
0.01652383804321289,0.07196211814880371,0.0075969696044921875
1.1633131504058838,0.09392380714416504,0.010128974914550781
0.018703937530517578,0.07395792007446289,0.009037017822265625
0.6753518581390381,0.06771206855773926,0.008541107177734375
0.02560901641845703,0.09088492393493652,0.007807016372680664
0.020586013793945312,0.08201098442077637,0.007715940475463867
0.7593059539794922,0.0732271671295166,0.009628057479858398
0.02567601203918457,0.14930510520935059,0.008988142013549805
0.7454390525817871,0.07978200912475586,0.008331060409545898
0.8076589107513428,0.07917594909667969,0.009203910827636719
2.7874128818511963,0.09972381591796875,0.011895895004272461
