local_true_obj,surrogate_obj
0.12814947130372398,9.94577863252029e-12
1.3691643345228361,0.002511745121182839
1.4228056313541044,0.003173304801929868
1.215187867414971,2.4288129783525457e-5
1.4733228974882708,4.3715854883896675e-5
1.286894620789067,0.0008047583026867576
1.323356026386925,2.269056743571322e-12
1.3676606261128312,9.1518253371402e-6
1.4727769549815775e-8,0.0030376384480164257
1.2716274451531133,0.0018339708712199973
6.859254193722954e-9,0.0002303748093603843
0.002346300355513797,8.734620670413952e-12
1.38959426140556e-8,0.002836248711984713
1.4430058136168649,0.0037436919324445473
8.82744980992995e-9,2.4659442134976676e-11
1.3456876029075888,0.0010562000012205072
6.049069489332578e-9,0.001514349127349868
1.2759241652214355e-8,0.002175353354692382
1.8786912310743387,0.0036418032155162436
1.0288031536625216e-8,0.0022681595910159186
1.1789559458598153e-8,1.179491133421135e-5
0.05510538011052231,2.0824585569249577e-11
1.2654333080317837,1.4236364764224168e-11
5.4610645730925624e-9,0.001587975630760067
1.3954538660846658,2.070551430000478e-12
9.638636298055996e-9,2.3479391381112155e-11
1.3792506946321867,0.001605142173185666
1.4332792016744904,0.0035358166159630733
2.1166318874678565e-9,0.0005915259113747509
9.383583842503125e-9,0.0022519782301188983
1.4843927218735196e-8,3.641679938796637e-11
6.515255381224006e-9,0.0020432024561862347
8.504934536534695e-9,0.0010031287974264318
0.00017987819474816984,0.00017986523016521878
1.3179458546988547,1.3272009542414057e-10
1.2615113476220272,0.0021152555027061162
2.1212405533321634,0.005807748959610889
1.3674698625129758,2.1692108462758578e-11
1.239870042094352,0.00038724699479816745
9.426534023407897e-9,3.995361621040211e-11
9.12070829699505e-10,0.001588618978935627
1.4968711292290884e-8,0.0011070614867490214
8.338716125705867e-9,0.0013726505534448323
0.05945229287753762,0.00762938209650124
1.6457598438729495,1.2032387786472849e-5
1.0693951407043581e-8,1.8961846317964587e-11
1.0578753980474714e-8,0.0011503390116935804
1.3588519749053393e-8,0.002865953865746687
1.3379200478759545,0.006226561083687474
1.4567005924269463,0.003098261238383444
0.0002192316296397108,2.6259733550356752e-11
1.3992864543851877,0.0038390856716072046
1.3944011233614304,9.491071801764311e-12
9.650756108266611e-9,0.0037076711894569667
1.2489063429372926,0.0008970643114939478
0.004090816444383226,7.613765382922228e-11
1.3752429744960597,2.8743222303222068e-12
1.3194859172926454,0.0018596317735741377
8.838086500365892e-9,0.0015354076273174434
1.3003374691887773e-8,0.004703915828104298
1.392072639278441e-8,0.002566820088181904
1.392685131579652,0.002887637654649097
0.0025871912167810896,0.001484119095213267
1.5213485301892882,0.0042972095463219544
2.6991147919585127e-6,0.003342703541675126
1.4221106861223842,8.766141723137083e-12
1.53171454166642,0.0014178754334537495
1.643138943770748e-8,0.0036986316778453883
0.07997021737307752,3.908132854770121e-11
1.3038590389554754e-8,0.000223463045925214
1.1254680439729006e-8,0.003361709249853605
1.3346067368205659,4.3526781506358587e-13
1.5646444464065008,0.0002759332798257396
1.4174562680520556e-8,5.6430858725187786e-11
1.1899641230017538e-8,2.5971894116133764e-10
1.6173572419133007,0.0004891326465155527
9.775618948477605e-9,0.00049331727154052
1.5114850937174125,0.005226647341890442
0.021440302622109154,0.00426498790871866
1.3484241248961159e-8,0.0019216786842809357
0.001685255408174933,0.001022295732114187
1.7686610064133768e-8,0.005849644018704076
1.6789027455484458e-8,0.004525545872471577
2.2840276668519642e-8,0.00836104798587031
8.710861320109153e-9,0.0011175112572914749
1.4650552268097763,0.0027334445852729484
1.4134699598243676e-8,0.001075537550844598
1.3121281617616334,0.0007169912778474227
9.122701137324511e-9,0.0009667035769421469
1.643292916438311,0.0028304172849134604
1.333428851365545,6.169783158769726e-11
1.8174692411166113,0.0068851089792694095
1.5574474757864718,2.611017696488916e-11
1.1366916728283582e-8,3.265328446481387e-11
8.68123139806122e-9,0.0022850147062261406
9.240743264267783e-9,1.4334049980564536e-10
0.014139568592079804,0.0038289156294680107
1.0738363149810899e-8,0.0003481987669771625
9.106339328784659e-9,0.0020783518033014037
1.4965625532014997,7.239705527489088e-12
1.4391837446361255,6.599072384208197e-5
9.328427783826943e-9,2.85770070454691e-11
1.5760624856651935,0.003144160167956183
1.278475205312245e-8,0.00046345487288630867
1.4678876905134453,0.0036938834411469742
1.1723022182651293,1.7226270287475195e-10
1.1108975221018567e-8,3.72672258523147e-11
1.1659999048052961e-8,1.6924208775924533e-5
1.424646909995819e-8,0.005588292415106352
1.2720515604085787,0.0006181374141669448
1.3185894970131464,0.001834614446823877
1.3479845883778647e-8,2.7767821168963896e-11
9.966561541801837e-9,0.002882099472797492
1.725151057118146e-8,0.004561857140485552
1.320922762967123,0.0012685698228166705
0.0025930674069658786,0.0017654629681558042
2.0924645503261075e-9,0.0009193254897255409
1.3637205118513749e-8,0.003124192368338477
6.83420992036113e-7,0.00022718164634338538
9.525274041363877e-9,2.764964326179501e-13
0.04349161316718248,0.004698545619564521
1.4995921159364864e-5,1.4982763858543434e-5
1.3376861176854908,1.4674309821209608e-11
1.4820094031014776e-8,0.0010727912697080736
1.1100081571720667e-8,0.004164001358470402
1.285553383571606e-8,0.0033416348775786218
1.2927157311467123,3.840632176438009e-11
1.3976995851572758,1.2485212692326271e-12
1.4012856267833351,4.17219704202665e-12
1.4764367658532684,9.510149745369448e-12
2.2345105166377053,0.0036924419010038
1.630751474400046,0.005634623373222043
1.4621168390548422e-8,0.0030432319060851765
9.616326861358729e-9,1.3072774402598559e-11
1.460197063174504,5.1643704222583564e-11
1.4600209019473316e-8,0.0024415623637641585
1.2758544416332096,0.003142839595257175
0.10244097398795068,2.5436564036614363e-11
9.72754450553088e-9,1.7050951947047576e-11
0.005150642081696134,0.002074580784557539
1.2661962547784782,0.0013693962625665186
8.835494367031441e-9,0.0036568446763277497
8.372819359143527e-9,1.2046182286808914e-5
0.0006827672511640456,0.0005556821956757941
1.515509660350513,0.002469372166842713
9.408485059795209e-9,0.0019933736971505123
1.4469595225289626e-8,0.005631185995907211
1.2086760231349623e-8,1.5721718523465833e-11
1.3835958245122486,0.0017701833853834353
1.3199656573025725e-8,2.23759877076551e-11
1.2180452486329452e-8,2.1407473314837677e-11
1.5049426753450574,0.0021392533719585727
0.0017249453448927366,2.4275561636349905e-11
1.456826958737328,0.0017571688924578666
1.311218532540324,1.0416076912014554e-11
1.1573507998500989e-8,5.901336811656379e-11
0.04487716953475949,0.0008489384928200446
1.3167350290394921,1.2790247448254561e-9
0.05475974968028535,0.007618181987550474
1.5825152314256126,0.0030818995505534443
1.3932794095640748,2.457048390475011e-11
1.5296173023060324,0.000612978118731188
1.1443034739860156e-8,0.0007631041869088349
8.04453165920226e-9,0.00010184414353647185
1.1328747564748605e-8,0.0029783928286897187
1.3046370824911386,1.2934582626709262e-10
1.3123666660588154,0.0022176735712044217
1.6605570085823351,0.003665584338647644
1.4554918173010543,0.0017272988841027415
1.1432655838606736e-8,0.0018554601577522455
1.2603483029403621e-8,0.0029376922067866303
1.4885732219530395e-8,0.005577869306057283
1.5131756371331754e-8,0.002911742422369424
1.1302004290696915e-8,1.1618968127468687e-12
1.3409355521261194e-8,0.0028473853296777352
1.1089030715309463e-8,0.003952003652891269
8.731774159596008e-9,2.7801963498380693e-11
0.12149312233674778,0.0007607770979601753
1.3357580219658303,0.0032027893892534135
8.270130943809903e-9,3.464893236413805e-11
1.33699869835423,0.002292379773662498
1.5235125083853571,2.314408034541614e-11
1.645436234850211e-8,0.003410871436253725
1.526921418893964e-8,0.004393966416698885
1.2774579017448944,1.5152753869392014e-11
1.359562679687311e-8,0.0015520712881773484
1.1557574640595482e-8,0.003938957815143515
1.5741560761959468,0.004759858548360807
0.0036695281275698492,0.0011744585652953188
0.00021928345731958053,0.00021927338590072332
0.001297873712048885,0.0016268055168055953
7.1251612185019675e-9,2.120463732171647e-11
1.3081172932596973e-8,2.661201672217093e-11
1.349618125844002,1.262607486772349e-10
1.3982124546423715,0.0024382840628545464
9.045282401471564e-9,2.490576524990679e-11
1.3750736769040344,0.004158560097356471
9.523492719951704e-9,0.0012978520973034834
1.4253073682352837,2.4776352874424757e-11
1.8759670041836245,0.0033292286901984956
1.249660763641598e-8,0.002455944185244134
9.318307082276026e-9,0.002120848328555072
1.2641475276133096,0.0006155642992106378
1.375880619532622,0.002390056203157964
9.90189564036931e-9,2.983954838988813e-11
9.777776358563373e-9,2.9479774990826537e-10
1.5154327386110846,0.007433674839459791
1.2299118495076728e-8,0.0021891317630143687
1.7000485459744152,0.004684678545511409
1.224782416121459,3.444589681840932e-10
9.44613541487538e-9,0.003012528036234163
2.98729983871198e-6,0.003949217458418461
1.2502438386407921,1.4296505418630577e-11
1.342712149028964e-8,0.0027684646862176955
1.4228608326261012,0.0014893984029360867
1.2332300366890628e-8,0.0031110871863452164
1.6082521882248983,9.231946405046648e-5
9.296915592795775e-9,0.0012729720530466157
0.03614849815221865,0.007225850579416797
0.008548770948428742,0.002676789436326054
9.727535122484793e-9,0.002061820039758049
1.375850630206752,0.0016745782856284483
7.165762187683868e-9,0.0003842037259113006
5.515397780722848e-9,0.002080321367634621
1.2552114101124017,0.0015391422812665856
1.3199890454358822,0.0009583567473108807
1.487807263118508,0.006608892957751195
1.7204360318734047,0.008371175065482725
1.2799023068805517,0.0015709400219547109
1.1874643576561986e-8,0.002010811812494551
1.266192400530639,0.001923802595703245
1.4181745128365042,7.6453879872911e-11
1.2566855481670456,3.74977637753465e-11
2.0304944272879917,0.000894530501198516
1.3199640055572101e-8,2.7421553563302438e-11
0.20627355845604614,0.0043104613509552725
0.0008504451755073434,0.0007677843389691864
1.4023946033523098,0.005082714420076546
0.015342986295470533,0.0041300113368322395
1.4508108194605032,1.4266060521054332e-11
1.3205170858272988,1.4694781229824983e-11
1.3867699785809003e-8,3.5742359506975924e-11
1.0756281145976464e-8,0.005708868630690065
1.5587930573409214,0.004608726930462337
1.347185887001203,0.0037413027070047782
1.436454583032658e-8,0.0013309512775728214
1.1699740975880291e-8,0.0014885569822776972
1.3363846083675195,0.001454127693430235
1.2466946041401952e-8,2.231012063632402e-11
1.5996710088768872e-8,0.004693742928374867
5.0000380265327225e-5,1.220242845462095e-11
1.5083089868456517e-8,0.0028438561163930684
1.7311085866588806e-8,0.0045024692781101845
1.3783569712451404,0.0001453239038641393
1.5148809700613517,0.0016976157270748124
1.3199778425538382e-8,0.0027633744343818338
1.5302826027511223,0.0004784987958445206
1.3511219537702264,1.3027113351172697e-11
1.521482957373823,3.1968255442585806e-11
0.0054290685831164445,3.0279096881816e-6
1.3698476837068631e-8,0.002865518105745572
6.101734441057098e-9,0.0013423124589720691
1.3866711988593587,1.2540970505406412e-10
1.2331378787876396e-8,2.407377350157735e-11
1.3721985645439052,1.228585635137652e-11
1.4387514382071043,7.387824129899363e-11
1.556919543963971,0.002120206549634788
2.29582708585011,5.77872361195271e-11
1.3640153296483226,0.001004478836879746
0.0004988984471742126,0.00046551258586536464
1.0935216688802734e-8,0.0014198006844465508
1.165426531879251e-8,0.002435786476438645
1.345245611926076,3.689957058499574e-11
1.2543763708665163,0.0009460852332715742
1.344499415006063,0.00217632661465555
9.090876229355252e-9,1.1401191365227091e-11
1.1659789855883375e-8,2.172682136458722e-11
1.602796067123189e-8,0.00028949307857994153
0.005470141356385094,3.309943067343863e-5
7.468101759653326e-9,0.001475640114933816
1.4667634239413068,0.002859547798947643
1.354093870453154,0.0035691994894959966
1.5870136718620373e-8,0.0026187811984704815
1.3349219050266344e-8,4.012124495531893e-5
1.3541401385894631,0.0019414002553134967
1.420633374868922,0.005438956803310979
1.5291746797073131,0.0047530126476773606
9.855750203334493e-9,0.002726510260458326
1.205432122233761e-8,0.0004584355611986113
1.4619210538192344e-8,0.003149379866569814
1.3635047191380334,0.004187294004199487
1.4683033262395258,5.0811525456692804e-5
1.4467338621344372,1.9956197004358137e-11
1.325508613898282e-8,0.0018090610504471873
1.2460456176532228e-8,0.0043134477246372285
9.03858194674924e-9,1.5774052940447388e-11
1.469660060090285,0.0018749079712884742
0.003768168416157735,5.5006931380668595e-5
9.358334359899263e-9,1.3410958870852035e-5
8.2955282525903e-9,1.581313480220927e-11
1.5599308017711107,1.9984067538379485e-11
1.3930974193107766,0.001251522412456725
1.4346270428356376,1.5100744691987673e-6
1.3452657150631873,0.0022878996656871893
1.6086389400998722e-8,0.004364751234487525
8.932427891585718e-9,0.002238872554183398
0.0007599489135242624,2.4207868183390113e-11
0.11630036963170004,5.7874454193269996e-11
1.2130850737035943e-8,0.0018399511819972255
1.0008150848579298e-8,5.116546357047719e-11
1.0435566462121596e-8,0.0007937040759309396
1.2856797163613007,0.001567714514277114
1.4723596353064732,3.218868245456091e-11
4.432733502901591e-6,0.0058973257789715116
1.3934457438171113,1.4259141986580294e-11
1.2857374590432555,0.00146127111481207
1.2728405236009488,0.001806993539238574
0.016240703089486858,0.004035381455616439
9.541971178339857e-9,2.2730639966982824e-11
1.5748828033364203e-8,0.004218796683261053
1.3636304038659952,0.0032939104052338844
1.3576744714022908,0.0041878144269060155
9.72635947439072e-9,1.3694353422104352e-9
1.3234106924503006,0.005358029892045557
0.04009502644586103,0.005693731854874331
1.3437687746825708,0.003377692932311595
0.0004160895302233094,9.59509720586125e-12
1.4591364733474073,2.285529096244177e-11
1.0018578462532048e-8,0.0027368816363333467
3.792053267107258e-10,0.00021260065163185402
8.118732127234401e-9,0.0023558460147285595
1.4519594229926804,0.002507078833312713
1.3294946318843024,1.188813769945624e-5
1.1276512280074037e-8,4.92548621804024e-11
8.768887238180388e-9,5.362086840392947e-5
8.568834119173332e-9,4.304280200542582e-11
1.3806835479412491,0.001978582405256925
1.5346018931952477e-8,0.003824385181290001
1.714473978496266e-8,0.002607826269067286
1.3128304732355691,5.568999245067332e-13
1.1423134048336806e-8,0.0021750324784111665
1.3894677792727055,0.0016001151879808115
9.649036366846468e-9,7.529728037400661e-11
1.196370537632292e-8,0.0012283001393077928
1.312451573593914,0.002324631493200598
4.255877654521508e-9,0.00011139942019049615
0.01895901152113629,0.0048156465185213585
1.363403407760723,0.0009935551693408577
9.381518072894184e-9,0.001604878962634551
1.4910609265608978,0.0029875339093193114
1.3247069711689843,0.00027775135110154884
1.2738598497826864e-8,0.0011797467539505998
0.022858422528058666,0.00412674633972713
8.91051794720382e-9,1.2304953213897892e-10
1.783032507724657e-8,0.0038423197708262404
1.4055193259387622,2.0785433093876017e-11
1.3783227213641684,1.4112064997286785e-11
1.198892928346837e-8,2.9729301736214424e-11
0.07914272573429389,1.1335038206452553e-11
1.3467112828271834,6.408830667760208e-11
1.1992595795758584e-8,1.3298317022783905e-11
0.024747867588518255,0.004373341437973961
7.743424137839063e-9,0.00192315182475092
1.2212156796110169e-8,5.7529465914317466e-5
1.3460556606369028e-8,0.0015815712102491253
1.227566481959252e-8,0.00044650540156291127
1.3936071567510944,0.0012423841309895133
1.3424596270066876e-8,0.002554011774013148
1.2713453881044321e-8,2.5103618715555872e-11
1.2808577295825598,1.4144960006276775e-11
0.026626032394788383,0.005233524013104235
0.006763220297919915,0.0030718788868328677
1.2487109916225895e-8,1.0936458228551745e-10
1.344007401034375,0.0014860707145939788
1.301982124663223,0.0030470467814551
1.3623103096141187,2.1316276794977136e-11
1.6572447502981926e-8,0.002141680674107859
1.6051288882435846,3.4783021040588144e-11
1.5659620147174424e-8,0.006931254396773669
1.4088865664390058e-8,0.0038467173590317205
1.319036407029981e-8,0.00209576245816941
0.22073969489044531,0.003694044854178349
1.4328044128075368,4.504137566840499e-12
1.336539376736529,2.4451331667512317e-11
8.579574219987391e-9,0.0003747723810763866
1.3736230622137555,1.9857583695772982e-11
1.3477245016921968,0.004063205152074054
7.472841685090029e-9,2.0315133182081577e-11
1.2950513506990657,0.0003574531490929672
1.1485599293370916e-8,0.0004468910853262763
1.3549941546822548,1.620815727483989e-11
0.04566455728408617,0.005020019375523753
1.3025827411534794,0.0031884628056803523
0.06947421910750068,0.0016444201081574452
1.3358581172608806,0.0005752656012540055
2.2041743651106088e-7,7.558616925793566e-11
9.925826165478762e-9,1.6029672527634075e-11
1.2606985912688904,1.8418382233957667e-11
0.06311378946850016,0.00831775052951994
1.4675800520633527e-8,0.004699057526755025
1.1216882201002421e-8,1.0052285863726138e-12
6.498372595124673e-9,0.00010752462546572428
5.458683299379481e-8,0.001914315033196672
1.0421217114436073e-8,2.5637961419441498e-11
1.4157818972318197,0.002280668623625308
8.642440515878885e-9,0.004375233655053801
1.244568778991059,0.0017913428706338582
9.698343917163949e-9,0.0022962242052663004
9.687093104151063e-9,1.9047016004377325e-11
0.036934373628078714,0.0058931054587230075
1.6812076577524758e-8,0.007245159387173106
1.3231373030747333,0.0021740025521469267
1.4461257598571178,0.0009149307830978532
0.0019051030658594039,0.0011650018052700181
8.711325261894283e-9,1.4487226594003063e-11
1.3525443113433986,0.002051165579399583
7.886930508227177e-9,0.0013846202187333609
7.482840298092322e-9,0.00168248847753431
1.8972298721321126,5.108917561780778e-12
1.7370010616915383e-8,0.004599978759921508
1.3412400081278828e-8,2.1377887681378617e-11
1.0649336677738184e-8,0.00019466931278813165
1.4570280377193465,0.004149928448648445
9.219713336602188e-9,0.0005859897402470757
0.00440577496555708,7.546724329876864e-12
1.1732656884634458e-8,0.0016799210622148138
1.4083513188281587,0.0009721019220274503
9.221838124624562e-9,6.072592954805865e-11
1.3463543098400423,0.005299471928844773
1.316642967558225,0.00038638696538849984
1.2229307672905185e-8,0.003776280705760251
1.0244460334416588e-8,0.0019277179112776766
1.3793989121915438e-8,0.0034381016523356797
8.835751393916347e-9,0.0019842683775931837
9.099682458559362e-9,0.0005237093001710715
1.3173520430207338e-8,2.246095853934679e-11
1.0648440770187318e-8,0.00346165597812548
5.779905306473697e-9,0.0017172333897640653
1.6604360002534988,0.0001226444165612346
0.013587579018115718,0.0033434070533523543
9.544532737290282e-9,1.3683353850026268e-11
4.051786362534992e-9,0.00022632879855622592
1.5193624536882047,1.3622548609725728e-11
1.4074031463847172,2.7481165890366505e-11
1.1524315097355825e-8,0.0019304350134861407
1.4741034767974022e-8,0.003050194745549119
1.171161747965572e-8,2.4230827298178006e-6
6.911130644282867e-9,0.0032388614754727944
9.892072563180646e-9,1.3563707732730126e-5
1.5825551017247832,0.005367209311711793
1.2943385064246529,0.0030053580837285567
1.1605114990051162e-8,1.839378655246929e-11
1.5211842968862617,0.0019620276281106983
1.4316621782318923,0.0027377864778218757
1.152103780745048e-8,5.1568512992254524e-11
1.5140680727682079,0.0018554163131611102
1.3783506022604832,2.3271632934629483e-11
1.1395161643764784e-8,3.587825648015034e-11
1.3369090247696995,0.0025930212719335387
1.405650297999264e-8,0.0028050401486883715
1.3823679745213233,0.0029263442713738843
1.090446608264544e-8,2.2576121144860445e-11
1.3337348849840036,0.002513958632999915
4.5949665419431866e-5,4.593918919274278e-5
1.412759879593795e-8,0.004681377890132206
1.0304968977238306e-8,1.6645372268850888e-11
1.2562882739593968e-8,4.6468759213438276e-11
1.374477535023148,0.0032456355775044602
1.663708601836044,0.004198478475458313
7.451770290867503e-9,0.00021568731088029888
1.443603790055768e-8,0.005027975946581688
0.014877216114403057,0.003741413552947309
1.4410887110892925,0.0020779471112023617
9.028980750187924e-9,0.0024946709498719294
1.569221269170485e-8,0.006681099389642775
1.3442957974948313,0.002530317931086192
8.703241921129261e-9,0.0004985470432277455
1.2466505406957533,0.0008035193183870108
1.336942490007891,3.0481821110596044e-11
8.843900542373661e-9,0.002162509743673192
1.8839519248438312,0.003981083914110463
1.3436784155941444,2.6498600388498062e-11
1.0288349050454488e-8,0.001468915335629564
0.011574981145290196,0.0036390442732173603
1.3237177955860304e-8,1.943325825849258e-11
0.09667223288293379,0.0024361815895847802
1.417829410003222,0.004038563516530435
2.7019532859806853e-9,0.002683652747971643
1.4189278968548695,2.8635153766651798e-11
9.762499689611557e-9,6.372171110154022e-11
1.5515809093769315,0.0020133732181690346
1.449672374825589,0.001163345205983274
0.06847875673961235,0.0007652622057954039
1.3228843639003576,0.0016106522126195706
1.9818871793430057,0.0011845740638075784
1.2967701770509856,0.0016762158296505499
1.4919890946540386,0.0036437019284229315
1.337871263580991,0.0032105497260074924
1.1868970631250156e-8,2.2572832922114017e-11
1.2916489096436963e-8,0.0029130982183334614
1.4069386927204297,0.0008247808887602466
1.4005526646351625,1.1563030303141224e-11
1.2508219939479351e-8,0.00204814624464928
1.788915450718982,0.0038863533332405844
1.0677900851074386e-8,2.206726920524841e-11
0.00017400699582384395,9.32143523882127e-12
1.491077915042979,0.005107709354137616
1.114638678253706e-8,3.234853733185692e-11
1.337943644216742,2.7277616112911936e-11
9.444310948607196e-9,3.4652589778972494e-11
9.113507691988675e-9,5.583160385201161e-12
1.4180417832562553,0.001200888785909645
1.317371680672255,1.3262724195158124e-11
0.011698102072863422,0.002920698896615699
1.3861696940962716,0.004841500355534293
1.3262852234295104,0.0016258606719903226
1.8283265840232577e-8,0.003154334665178839
1.3480092282023934,1.0637642253767674e-5
1.1932606148947895e-8,0.0030463001569138643
1.3341435953421215,0.0022413757735445677
1.284747876139487,0.0006847358468035029
1.946074786174656e-8,0.005525236698022752
1.2147876794695912e-8,7.52749407357255e-12
0.010374029493973563,0.002740860544574182
1.5018019103254667,0.0029361766050586434
1.3235104796050325,2.948023494833836e-10
8.512834028967207e-9,1.1017666915629752e-11
0.001025652193825964,0.0014889079072072176
8.281115624801333e-9,0.0006340965646440193
0.00011368755700200894,0.00018920867469035126
1.3478414693697283,0.00424758616289654
0.0031414464745400605,0.001911443010727623
1.47514789121702e-8,0.004014379378338917
1.0975641779099508e-8,0.00020682998003543956
6.308185145929404e-9,0.001029714246027062
1.3749042107632197,0.0030625675494363415
1.3962574758970931,0.0011332295681166032
9.595458221316785e-9,1.3475632913894677e-11
9.452093708051848e-9,2.1252033418561595e-5
0.09062801795553371,2.654186001107868e-11
1.6399557257280155,2.1217681318295614e-10
1.2546736883843674,9.976570165846746e-11
0.09140743146536094,0.0018997872525090122
1.0194627314464457e-8,1.0923549707453398e-11
1.8094841521902798e-8,0.005082685510798642
1.359699952309653,0.0016112222234231709
1.7387830578227563,0.004314627493194013
1.947352647785302,0.004390040430293567
1.9403305978107723,1.936325018270155e-11
0.1538521657780139,0.0021360808875012125
9.085511480692067e-9,1.0772650684898715e-11
1.2845150847380822,0.0014905719011716859
1.3330926648209893,0.00530473648112788
1.1513081658842866e-8,0.004453271806923162
0.1683780944383996,2.3950995115301544e-11
1.4667185506990741e-8,0.0029792029521460107
1.3864807223004206e-8,0.003359810011490935
1.4510650060195752e-8,0.00538744235814122
1.3609712219167334,0.0010266011661622975
1.446526726510008,0.0055689791949987055
3.621288857538599e-9,0.0033996875092640504
9.429581999118786e-9,2.5769792894882263e-7
1.4502282859045414,0.00480135597545159
1.575105805519675e-8,0.0007581700751921181
1.2508285363027857e-8,0.0017372557859242298
1.313353024060665,0.001196807866350141
1.2872862183185593e-8,6.732906720121291e-12
1.3615415462356386,0.004519442360073016
1.6548191926823588e-8,0.004170452576916331
9.576727775732021e-9,0.0025319267614592844
1.2296999356294436,1.665194671845642e-11
1.199626522740049e-9,0.004016538824197041
0.1146750336547277,1.9714920706763907e-11
1.5347483800256383e-8,3.4950849892144906e-6
1.5762054081117765,0.005013216021662751
1.493759345393736,0.00208840754829039
0.002067740027599538,0.0020269051633972114
1.2542826846430437,0.0010774055463053614
1.437656361105635,0.007288485551790333
1.8848164167818105e-8,0.0037569001843662958
0.10193070660645642,4.1545173056276593e-11
1.3001105823615502,1.7722097582044856e-11
1.3246622381258286,2.3331462413217473e-11
1.3337777262658783e-8,0.005324905987560459
1.3278276197441253e-8,0.0056056744566882295
8.147485632443557e-9,0.0013137605625368927
0.03820685741948773,0.005851073856642032
1.356675449295156,1.559207768847077e-11
1.4072644157478782,0.0025393082745202647
1.2954109540931461e-8,0.00022272465566632884
0.014210950587045294,0.0040741105167915745
1.3865623507106322,0.0020601123606132487
1.3383004384392958,4.1358926445764174e-6
1.398530407752763,0.0014712482514479817
0.008005948225482078,3.4616960823090474e-6
9.876294531476633e-9,9.596508553055782e-5
1.4606757587214207,0.0057107082301034295
1.3523223556514294,2.009074367844857e-11
1.3514612391753076,0.002749016771769382
0.00034385717799599255,1.4011589543920105e-11
1.5818226987449082,5.865172782920883e-11
0.09893426874886843,0.0031629422326643294
0.012939735647670477,0.0030275414181896144
1.5908959132702787,0.0020346422412221756
1.46005885956591e-8,0.005221026795258085
1.4442699746840988,0.0026909827061449166
8.874655985484058e-9,7.094314443265473e-11
1.3603096015109617,0.003244813520220704
1.23093967267335,1.54126084482972e-11
1.3642069807493622,0.003422713081950234
1.0565993863968181e-8,0.0004965721216626672
1.3126012701498044,0.0004243069162409736
1.3411576928062474,0.0018619414445421648
9.976546286791436e-9,3.3308082832977194e-11
1.3273338443899532e-8,0.006157472963727178
1.423738262221749,0.0035638646377063377
1.3349386306650292e-8,0.0039708032673947125
1.922222322350406e-8,0.005389378209682467
9.87266747515355e-9,0.0025580647931132366
1.710277508160161e-8,0.005576773895345145
1.2951001792972134,0.0012108968609896569
1.3745506795912572,0.001974269594103292
1.2538666361137532,0.0011820671832236188
9.874636078803117e-9,0.0032753008318228047
1.3214296034808752,0.0038838802154017053
1.323867565371682,0.0026920380876798967
1.1043102129459486e-8,0.004398320996598996
0.0006469916557966723,0.0008290059004001201
3.6742122649640134e-5,3.672970560101428e-5
1.275417954107357,9.363694216484668e-12
1.7155475382349845e-8,0.006173922956000893
8.297951602758989e-9,2.7740047679574973e-11
1.0700111077914341e-8,0.002232671829506737
1.5040771722918735,0.005444311892688064
0.0048127682094902605,0.0018799864068047474
7.643516097939131e-9,9.023926749356093e-12
1.4967945790550786e-8,0.004705051277498064
1.3191948895122214,0.00028360935231770327
0.0037457886448179884,0.0019708133167716134
6.6990734840665794e-9,0.0021118859136860808
1.5399393358454188,0.001587205278404234
1.4112580088576558,8.708739317876558e-11
1.2514655739986815,0.0024425984340399
0.0048737127778720815,0.0018723985058993603
1.3100591401532476e-8,1.1301979217547392e-11
1.3293140449337106,0.00344229053339824
1.6374020772207591,0.0026549274257871196
1.4339882946122748,2.5190245996599017e-11
1.3625231455683997,0.0013542990549745095
1.8017840239449545e-8,0.006260654125542776
1.317739545005433,0.0011656045326562303
1.5951638272472215e-8,0.0010909704913369344
8.933725091675134e-9,0.0020463498188329336
0.09675778698654157,5.496700464209622e-11
1.3087724538807612,0.0017355685285218548
1.1627117740697951e-8,2.3059551466347823e-11
1.719786099040669e-8,0.0047779151550222075
1.319458084151678e-8,0.0014350134390889997
1.3158814428516101,0.0019669304186329707
1.0403378904717312e-8,0.001803888364005041
0.023756406441884665,0.004652953367004766
0.006301136026736183,0.0021797692800003326
1.1842113740934647e-8,0.00441779025575283
1.629667173868954,0.0005361166539335387
1.9567435978668798e-8,0.004568909256302431
0.0037015689389755485,0.0016407325018401315
1.0012444653975945e-8,0.0014805311102340053
1.7811896778998966,2.630706976270608e-11
9.435639614495667e-9,0.001950366424540167
8.180122795728589e-9,0.0016007290544939004
9.07085555217667e-9,0.0006316848118233982
7.771908297845652e-9,3.782256799324249e-12
1.3894885161294932,1.49569837784531e-11
1.3032622465048334,0.0019472318203514868
1.335217115495175,4.232155067742003e-11
1.2869233527424488,0.0024990523389380372
1.7330177814322898,0.00035270088377451967
1.6172343647986383e-8,0.004047775719288819
0.07757998355456466,0.0022732077456475786
1.9185471668107592,0.006931105584502886
1.2536391305475647,0.00041420808975809966
1.3911267198546289,0.00063228447129772
0.0003939276117236927,0.0005175436308365303
1.1711848980436202e-8,0.00375030616066869
1.327581530382714,0.0023271766478030415
1.261455605488976e-8,0.0032105399686836963
1.3302512493429426,0.003325168669500419
1.4215083001752589,0.00013293883794503677
1.4205191005489607e-8,0.0017825174335788802
1.251478152621742,0.0015808278357661541
1.031240608076509e-8,2.425925889325808e-11
1.367646491053251,0.0037508304372179764
7.622828874594788e-9,0.004078832082372509
1.7139289723342026,2.095843363167904e-11
1.4526669521175584,0.003118655241900187
1.6849308840252515,0.0019826461879682094
1.6201452541109083,0.00025053331035437853
1.0967455935819374e-8,0.0017896966026936796
1.3850744494659208,1.5131726733165592e-11
1.0007494257493946e-8,0.002248499261876562
1.5089305405837954,0.00010159827601839953
8.990455896098625e-9,0.0017612696435893803
1.2223303027086487,3.126001381053816e-11
1.382487137392652,2.7061192700733252e-11
1.5328835618878582,0.006050396750574455
0.06858815695447455,0.0028008875793149113
1.0839689872940371e-8,6.43979268491017e-12
1.3823771889173584,2.373170443134532e-11
1.4846997462167768,0.0014729172164712886
1.7870790480739522e-8,0.0017148957590853446
1.2975979071385193,4.8771471285198304e-11
1.316874567126948,0.003638602630962652
1.5887034532170227e-8,0.0053161621787960215
1.5693061936016468,0.0037317543764858476
1.2946753633653775e-8,0.004926858271949028
9.421986705905916e-9,3.068254480245986e-11
0.0032942981471516556,0.0008911934676205845
1.2727659819021793,0.00022161329222672232
1.2791667403320253,1.2787790684380335e-11
1.2595108135648168e-8,0.004542790096699638
1.2755341688692978,8.072439682150684e-5
1.1859513159741016e-8,9.881926959756962e-11
8.687905836011301e-9,4.8807501266024473e-11
1.2995125880494482,0.001911024650030832
0.12179851189913125,5.337059706769148e-11
1.1703793579100071e-8,0.0020689727907895416
7.457033394511446e-9,0.0015274286070444344
1.3438599074457852e-8,0.0014454825384514188
1.313107615464633,0.00254543122447265
1.3511110805322522,0.0037152637848466
1.1506454029605479e-8,2.8744867116861483e-6
1.3438548462871873,1.1934327769390387e-10
5.194552862306447e-9,0.0014018288139787973
1.4996131785891347,0.0005439623442601365
1.2762472445674189e-8,0.00017088696485306634
1.4466410524390725,0.0011269091202876517
1.351665544308398,0.0027146137965060983
1.0206945960518753e-8,1.843693275389332e-11
1.0517477306087201e-8,6.870870449305814e-11
7.369853803526004e-9,0.0027520515755554806
1.4226244162100163,0.0037754125708014626
9.66760018189016e-9,0.0023000201577847742
1.384367817373232,0.0017914691545529737
1.203560828528517e-8,0.005236094180407667
8.228741143882344e-9,4.517323966036092e-12
1.6269511229271992e-8,0.007433246039391554
0.04376205231100286,0.008325847601592651
1.5080887117241872,0.0037661323314656546
1.6274890141020977e-8,0.000669222032744447
0.0006153706252516134,0.0006105343380892168
1.3190865909810678,0.000301429097545646
1.2633853965322778e-8,0.0003500494348724652
0.0034949966330012038,3.814564563218113e-11
1.6215602990633422,0.004612615103521211
1.3433456732759377e-8,0.004657217391716147
2.997171919555891e-5,2.9960549539184846e-5
1.0294628212860724e-8,1.4682206109730344e-11
1.358724006263186,2.093543433944343e-11
1.261420051457534,0.0033195913755814876
1.3606344336616936,0.00552727884812392
0.004700247013995992,0.0017972604019668916
1.6097731803667321,0.001853450057408924
1.9224478373535592,0.000567609146097907
1.7771222483028788,0.00045580287118931025
1.4769423075070762,0.006192944657761334
1.2121781548842465e-8,0.004600677563669917
2.9803874951369865e-9,0.0016123922629767593
1.2541812903834009,0.003009757930986002
1.3394328368260282,0.0030056101805598172
9.082605945545411e-9,3.8704298982541597e-11
1.4025883026942114,1.9166621953994633e-11
1.2988960571570904,0.0005490907016366247
1.3387828963353049e-8,0.002999766226161066
1.3602758634616396e-8,0.00039029114664567696
9.165672573231303e-9,0.00199682518429141
1.251332149464488e-8,0.004340294519820837
1.3611560647121148,0.0008577832637071127
1.315063502391635e-8,0.002005355777998515
1.4986078959416906,0.003414748267697471
0.012744596438189546,0.0029997510370811855
0.09939314356482742,6.436255972414544e-5
1.2155979090662184e-8,2.6962213313955378e-11
1.3312834091740413,1.9653235497470154e-11
1.45087956400492,0.007061170265291697
1.4032461733572386,0.001975802918061726
1.3502640123122247e-8,0.0012566163598003329
0.0250586779329349,0.0054007209952357995
1.346094980527768e-8,0.0008194187024608136
1.784699583724144e-8,0.004800481293079751
1.4697873778354995,0.0007169357832443687
8.377151001751128e-9,2.853894061197823e-5
9.831986286943411e-9,6.0536540901795855e-12
9.828460547578929e-9,8.1886755282805e-12
7.945879930847147e-9,0.0014830032941985157
1.731851581634123,0.0022930243999991977
1.356468958133935,0.0022807471733210915
1.515764284366266e-8,0.006316794765223024
1.3048920432262159,0.00028761326254623143
1.927046618495853e-8,0.007217821972297496
1.321946212698163,0.000787235654185285
0.011385741648281782,0.002951829579382506
1.3239578865658779,0.00081489774305264
1.2983749665153945,0.0017487631281429357
1.334538714165971,1.0245916513039683e-11
1.3380565102241575,4.938971671263392e-11
4.154564617855864e-9,0.0010181842721837663
9.625142075796038e-9,2.5204921873029164e-11
0.0028094488784752864,0.0015508191455179809
1.3733647844032306,0.0032590383810130927
1.3509411322301663,0.0032469163439686833
1.214352926213516e-8,0.0039500193784397395
1.1755987901669195e-8,0.00021258701251836382
1.815322457956418e-8,0.006880446950853592
1.446552902580976,1.2299073889867103e-11
7.971281573053878e-9,0.00207174855192048
0.18389339660428602,0.002002437316997528
0.002660398028188649,0.0018132152803013598
1.2620249269316532e-8,0.004234713769336762
1.1582092853943373e-8,0.0019163872232237464
7.42412930427873e-9,1.7941857852963384e-11
1.2362130905342845,7.918376821891961e-11
1.2645077048625935,1.3847879823225017e-11
1.3351388998957114e-8,0.0031569393835280835
9.615988867751121e-9,4.862729138895633e-11
1.2287286745474396e-8,3.759091364075266e-11
1.5357337806333813,0.0020201053463159884
1.3736569440706237,2.6180208742389912e-11
1.3515446811894094e-8,2.5352197577135126e-11
1.288275748435853,0.003047114945700295
1.2879332091445606,0.0013153516675766222
1.2982126474672387e-8,4.467269447652352e-11
1.6793504987379042,0.004831865678328423
1.234597900672283e-8,0.0013649290471098188
1.4378426941644809,0.005248014349622589
1.4811800118824157e-8,0.00426944696927309
0.0067345791511963845,0.0022406035927316405
1.4817809325337419,1.6503433917982085e-11
1.512051246772854,0.005225112242426342
1.5563183964225204e-8,0.004705529483270861
1.1008112361680734e-8,0.0018356412934100769
7.586580345293789e-9,4.7709670214425907e-11
9.104443170116457e-9,0.001402647851671356
1.4235817782798887,0.003928860617020977
1.4559458688328328,0.008924855389770284
9.838391713534848e-9,0.0023049310265650996
9.718527512312162e-9,5.4959846030227853e-11
1.1547364825087787e-8,2.4930825719999256e-11
1.3460965480938702,1.890394775226267e-11
1.5011591425677207,0.005783070471361234
0.03301001241765832,0.004201073246552975
1.3258373472588232e-8,1.0270493458264148e-11
8.715475109699205e-9,0.00026303648877635773
0.0011707739628510944,0.00018510042701814453
1.4002615930537579,0.0025825573403256653
1.4080585501851461,0.0045050002907458635
1.4474821595565026,0.0029736440374260676
1.4955084295749386,0.0018422195531266952
1.825091851646696,0.0025016846427667054
1.4381285817923912,0.0020045867538027377
0.0004690213728685171,3.740805133417184e-11
0.06477572076963518,0.000530117195630903
9.227901140070406e-9,0.002290033339464985
1.1929433199524396e-8,2.3617523834812982e-11
0.0007511732023334955,0.0011104997282383995
7.541764063185673e-9,1.8232768828650632e-11
1.682906734180553,2.4113342816639347e-11
1.4838513243702251e-8,0.0032390001786147715
1.3749067556998682,0.0018712628553889494
1.226631931560364e-8,0.0034741799437561093
9.148300209739153e-9,4.520658625302327e-11
1.484412727419714,0.0004569687408532424
1.1685641906920929e-8,0.0004201118995680332
0.006538149229266142,1.413298963780631e-10
8.08632900931791e-9,0.0004811439982122663
1.1671663422778167e-8,0.0022549881159975977
1.530156742687029,0.002684781990386263
1.4665087372536334e-8,2.7846596690637087e-11
1.6049822393453301,1.508562202373481e-11
0.0015700505529413044,5.405882055334225e-11
1.3892732989238084e-8,0.0059768562828368555
0.00012837652985514991,0.00012836471924309976
7.363868896405325e-9,0.0013850832515887744
1.5660484551929383,0.0021057959662321595
9.352684404220416e-9,1.1599430179540392e-11
1.0783823362583237e-8,0.002526281754847842
1.304518259816869,1.7524834095216518e-11
1.0346339910700517e-8,1.851340773237241e-11
0.13890012399449436,5.1472778810563697e-11
1.2947550057790793e-8,0.0033197126224950484
1.475580471871863,0.0011950436448692019
1.3060264046924933e-8,2.0166984722681475e-5
9.415468412590729e-9,0.0019207992768167836
0.02748285163374964,0.005683942360066331
1.374464094465,1.6465766874867237e-11
8.778577428273106e-9,0.0003612760303737969
6.4782030429971795e-9,0.003567987690927629
1.3142723892708503,0.005503500996694823
9.971155567618996e-9,1.1506836822166934e-12
1.7172404098861983e-8,0.004226332353165943
1.2803402084935969,0.002964432502703299
0.001475816117210658,0.0011824265538508644
1.7035651414289584e-8,0.003529187511020085
1.3028151122770246,0.0016704989103972464
1.411783689540028e-8,0.000820359404286852
1.4700014628710991,4.708900112407651e-11
8.421854470215168e-9,1.7494953764164237e-12
1.668101823255343e-8,0.0074037833952440004
9.985284931176429e-9,2.0624174927835095e-11
7.966956572467845e-9,9.173077141870452e-11
0.04528907043409604,0.007583974361288964
1.2526856114742917,0.001014229455997971
1.4200253612703226,2.525311386172515e-11
1.3240755935900419e-8,0.0015006016045289734
0.0030557313833035117,0.0013940664650449572
1.2966420536825294,1.661052889234705e-11
1.3929535011061507,8.963961759313056e-7
1.2981492930225007,0.0036664827780193564
1.4150601692701263,0.0077046868211079825
1.1013377547989013e-8,0.004482365414634695
9.132980762909081e-9,4.4476766904462894e-11
1.414480038146957,2.887848689353108e-11
1.4831257272100005e-8,0.004385312356575391
1.365281290806585,1.4962480639792858e-11
1.2775607541992815,6.95994637603298e-11
0.00025019565311523457,0.0005646127177436821
1.4322228934519154,0.00010254142169926082
1.0446127568473216e-8,0.004284923019176837
1.3219065066413378,0.0029583655774727204
1.219526674844068,3.5847596010696666e-6
1.3570921259579345,0.004888938938949356
1.4825874059947133e-8,0.002574846832090796
1.3187985392027801,0.0014932685370006693
0.020673934378054905,0.004145103412198265
7.472874128041765e-9,0.003814487130954167
1.3515437158164434,0.004482528825099969
1.430077988249799,0.0017997989414719909
1.442914062225416,0.0038174857839017176
9.768102504661947e-9,7.629679544054151e-5
1.450796505272771,4.444185775771408e-6
1.7411708537619652,2.0895196948657785e-11
1.4934418091289592e-8,0.00561950454626854
1.783774264056539e-8,0.0009156829758384796
2.3019997963473902e-10,0.004489951787558582
8.227047619982885e-9,0.0011919826418399114
1.9467695879869405e-8,0.0048671831379292225
8.828660727238997e-9,6.314920001067861e-5
1.0964059879633128e-8,3.451608662515317e-11
1.3583357046216742,0.0012422656131312027
1.0649567857949361e-8,0.0018514896565973524
1.2899536022020373,0.0013024322266739934
9.121317646889434e-9,3.001717279416711e-11
1.0332137892579002e-8,0.002426593226895348
1.327058060431154e-8,0.0034755030953738356
1.9260000662977825e-8,0.007107851680570227
7.193286910410775e-9,5.637112122944485e-11
1.1841822867042496e-8,5.753345206993104e-11
1.4942330436445636e-8,0.003266364494225871
0.04487779002016824,0.0030427304758677927
8.167108071747184e-9,0.001896978161711928
0.0001749896379331717,0.00017497816273423492
1.9049921607847167,0.004263513239545369
0.0023978258723642114,0.0013297016232480321
0.0012325313325081042,0.0008174793339019225
7.250819969828556e-9,0.0007850252858284298
0.0018415420214395173,4.794325986810356e-11
1.2795602958346834e-8,0.0022304202342768413
1.4212691938831157,0.0011486077321011389
0.11792845077975014,0.0003500495891721468
1.5668171594212965e-8,0.0035119372685938986
1.6046420447655496,3.3652374705119594e-11
0.042321821841238755,0.0061834311511534045
1.5407636226175703,0.0022638599152857842
1.2521692884459272,0.0006331515816935494
1.3704906892663327,2.7435233496507853e-11
1.3268602397524588e-8,0.0032812138480134505
1.4337616269770105e-8,0.0015894054350836394
9.560965487867654e-9,6.090159070450313e-11
1.2475110210385518,0.0007419828298309658
1.3836345365775542,0.004432258976782822
1.2337017949406281,0.001789007111312863
8.761545528423822e-9,0.0022911389399353937
1.5769659107458152e-8,0.0033816238474195857
1.4115004535007813,0.001434442585063554
1.4780712018296899e-8,0.00200807150628323
1.4153662085549616,4.5091585116928746e-11
0.0032500486234426883,6.994448184902003e-5
1.2609852065176823,0.0004950228847387014
1.3877528453192022e-8,0.0024385300285359925
1.3323193836567424,4.911610988295463e-11
1.0351866464166506e-8,2.359718049768553e-11
8.550874107835577e-9,0.0017012423065401142
1.3686388344562805,2.3569967246757033e-11
1.2804298343978967e-8,0.001217312667916118
1.3300258142758725,2.2715423372756026e-11
1.2778087007640767e-8,2.5472977380584006e-11
1.3445845175725184,0.004247283335259664
1.293406770366868,1.2441263685347512e-11
1.6693841594148795e-8,0.0029677927089025507
1.6367941518044997,0.006006315932987696
1.3289159147874972,0.0015343381237830583
